/*******************************************************************************
 * Size: 16 px
 * Bpp: 1
 * Opts: --bpp 1 --size 16 --font D:/Embeddedst/Projects/Plant-Growth-Simulator/UI-project/assets/PingFangSC-Regular.ttf -o D:/Embeddedst/Projects/Plant-Growth-Simulator/UI-project/assets\ui_font_Font1.c --format lvgl -r 0x20-0x7f --symbols 获得一株向日葵植物已经到达%s阶段了qwertyuiopasdfghjklzxcvbnm,.!;?。“，；？！植0123456789物类型名称温湿度年龄环境光照状态健康浇水施肥详情切换天气季节春夏秋冬获得点击它取你的第一株向日葵恭喜颗种已子成就发芽幼苗熟开3购买米高，茎秆直直的，像根“大竹竿”，上面长着毛茸茸的叶子，叶片又大又圆，像小蒲扇。花盘超显眼：头顶的花盘最大能有30厘米宽，外圈是金黄色的“花瓣”（舌状花），像太阳的光芒；中间密密麻麻全是棕色的小花蕊（管状花），等成熟了就会结出葵花籽。果实是瓜子：花盘里的籽就是咱们吃的葵花籽，外壳硬邦邦的，剥开后是白白的果仁，炒熟了特别香。怎么“追着太阳跑”？向日葵幼苗和花盘没成熟时，会跟着太阳从东转到西，早上朝东，傍晚朝西，像个“小太阳跟踪器”。不过等花盘完全打开、开始结果后，就固定朝东不动啦。好养活吗？不挑环境：不管是旱地、荒地，还是稍微有点盐碱的地，它都能长，耐寒又耐热，冬天小苗能扛住零下5℃，夏天高温40℃也不怕。耐旱能手：根系扎得深，吸水能力强，叶子上还有一层蜡质层，能减少水分蒸发，不用经常浇水。有啥用？吃的方面：葵花籽炒熟了当零食，咔嚓咔嚓停不下来；榨成的葵花籽油，炒菜香还健康，含不饱和脂肪酸。花盘里的果仁还能做成糕点、冰淇淋，甚至月饼馅。药用和其他：花、叶、根都能入药，比如花盘煮水喝能降血压，叶子可以止泻。花期长、花蜜多，是蜜蜂的“最爱”，养蜂人常靠它收蜂蜜；茎秆榨油后的渣子能喂牛羊，当饲料用。观赏价值：一大片向日葵花田金灿灿的，拍照特别出片，很多公园、花园都会种，看着就像满地的小太阳，特别治愈。文化里的向日葵花语很暖：代表“沉默的爱”和“勇敢追求幸福”，也象征忠诚和阳光，送花时很适合表达心意。国花身份：俄罗斯、秘鲁这些国家把它当作国花，梵高还画过超有名的《向日葵》油画，把花的生命力画活了。这样是不是更好懂啦？下次看到向日葵，就能一下子说出它的“小秘密”啦～ --no-compress --no-prefilter
 ******************************************************************************/

#include "../ui.h"

#ifndef UI_FONT_FONT1
#define UI_FONT_FONT1 1
#endif

#if UI_FONT_FONT1

/*-----------------
 *    BITMAPS
 *----------------*/

/*Store the image of the glyphs*/
static LV_ATTRIBUTE_LARGE_CONST const uint8_t glyph_bitmap[] = {
    /* U+0020 " " */
    0x0,

    /* U+0021 "!" */
    0xaa, 0xaa, 0x8f,

    /* U+0022 "\"" */
    0xde, 0xd2, 0x99, 0x0,

    /* U+0023 "#" */
    0x11, 0x8, 0x84, 0x4f, 0xf1, 0x20, 0x90, 0xc8,
    0x44, 0x7f, 0x13, 0x9, 0x4, 0x80,

    /* U+0024 "$" */
    0x10, 0x10, 0x7c, 0xd2, 0x91, 0x90, 0xd0, 0x78,
    0x1e, 0x13, 0x91, 0x91, 0xd3, 0x7c, 0x10, 0x10,

    /* U+0025 "%" */
    0x70, 0x44, 0x44, 0x22, 0x21, 0x12, 0x8, 0x90,
    0x39, 0x38, 0xa, 0x60, 0x91, 0x4, 0x88, 0x44,
    0x42, 0x26, 0x20, 0xe0,

    /* U+0026 "&" */
    0x1c, 0x8, 0x82, 0x20, 0x88, 0x1c, 0x6, 0x26,
    0xcb, 0x1a, 0x83, 0xa0, 0x44, 0x38, 0xf3,

    /* U+0027 "'" */
    0xf5, 0x80,

    /* U+0028 "(" */
    0x29, 0x29, 0x24, 0x92, 0x44, 0x91,

    /* U+0029 ")" */
    0x89, 0x22, 0x49, 0x24, 0x94, 0x94,

    /* U+002A "*" */
    0x10, 0x22, 0x4b, 0xe1, 0x5, 0x11, 0x0,

    /* U+002B "+" */
    0x8, 0x8, 0x8, 0x8, 0xff, 0x8, 0x8, 0x8,
    0x8,

    /* U+002C "," */
    0xf5, 0x80,

    /* U+002D "-" */
    0xff,

    /* U+002E "." */
    0xf0,

    /* U+002F "/" */
    0x4, 0x10, 0x42, 0x8, 0x61, 0x4, 0x30, 0x82,
    0x10, 0x43, 0x8, 0x20,

    /* U+0030 "0" */
    0x3c, 0x42, 0x42, 0x81, 0x81, 0x81, 0x81, 0x81,
    0x81, 0x42, 0x42, 0x3c,

    /* U+0031 "1" */
    0x17, 0xd1, 0x11, 0x11, 0x11, 0x11,

    /* U+0032 "2" */
    0x38, 0x8a, 0xc, 0x10, 0x20, 0x83, 0xc, 0x20,
    0x82, 0x7, 0xf0,

    /* U+0033 "3" */
    0x3e, 0x63, 0x41, 0x1, 0x3, 0x1c, 0x2, 0x1,
    0xc1, 0xc1, 0x62, 0x3c,

    /* U+0034 "4" */
    0x2, 0x3, 0x2, 0x81, 0x41, 0x21, 0x11, 0x88,
    0x84, 0xff, 0x81, 0x0, 0x80, 0x40,

    /* U+0035 "5" */
    0x7f, 0x40, 0x40, 0x40, 0x5c, 0x62, 0x1, 0x1,
    0x1, 0xc1, 0x62, 0x3c,

    /* U+0036 "6" */
    0x3c, 0x62, 0x41, 0x80, 0xbc, 0xc2, 0x81, 0x81,
    0x81, 0x81, 0x42, 0x3c,

    /* U+0037 "7" */
    0xff, 0x3, 0x2, 0x2, 0x6, 0x4, 0xc, 0x8,
    0x18, 0x18, 0x10, 0x30,

    /* U+0038 "8" */
    0x3e, 0x63, 0x41, 0x41, 0x63, 0x3e, 0x43, 0x81,
    0x81, 0x81, 0x42, 0x3c,

    /* U+0039 "9" */
    0x3c, 0x42, 0x82, 0x81, 0x81, 0x43, 0x3d, 0x1,
    0x81, 0xc2, 0x46, 0x3c,

    /* U+003A ":" */
    0xf0, 0xf,

    /* U+003B ";" */
    0xf0, 0xf, 0x58,

    /* U+003C "<" */
    0x0, 0x7, 0x1c, 0x70, 0xc0, 0x60, 0x18, 0x7,
    0x1,

    /* U+003D "=" */
    0xff, 0x0, 0x0, 0x0, 0xff,

    /* U+003E ">" */
    0x0, 0xe0, 0x38, 0xe, 0x3, 0x6, 0x18, 0xe0,
    0x80,

    /* U+003F "?" */
    0x3c, 0x8e, 0xc, 0x10, 0x61, 0x82, 0x8, 0x10,
    0x0, 0xc1, 0x80,

    /* U+0040 "@" */
    0xf, 0x81, 0x83, 0x11, 0xe8, 0x93, 0x29, 0x89,
    0x48, 0xca, 0x44, 0x52, 0x64, 0xcf, 0xda, 0x0,
    0x8c, 0x18, 0x1f, 0x0,

    /* U+0041 "A" */
    0xc, 0x1, 0xc0, 0x28, 0xd, 0x1, 0x30, 0x62,
    0xc, 0x41, 0xc, 0x7f, 0x88, 0x19, 0x3, 0x60,
    0x20,

    /* U+0042 "B" */
    0xfe, 0x41, 0xa0, 0x50, 0x28, 0x37, 0xf2, 0x5,
    0x1, 0x80, 0xc0, 0x60, 0x5f, 0xc0,

    /* U+0043 "C" */
    0x1f, 0x8, 0x64, 0xe, 0x3, 0x80, 0x20, 0x8,
    0x2, 0x0, 0x80, 0x50, 0x26, 0x18, 0x78,

    /* U+0044 "D" */
    0xfc, 0x41, 0xa0, 0x50, 0x18, 0xc, 0x6, 0x3,
    0x1, 0x80, 0xc0, 0xa0, 0xdf, 0x80,

    /* U+0045 "E" */
    0xff, 0x80, 0x80, 0x80, 0x80, 0xfe, 0x80, 0x80,
    0x80, 0x80, 0x80, 0xff,

    /* U+0046 "F" */
    0xff, 0x2, 0x4, 0x8, 0x1f, 0xe0, 0x40, 0x81,
    0x2, 0x4, 0x0,

    /* U+0047 "G" */
    0x1f, 0x8, 0x64, 0xe, 0x1, 0x80, 0x20, 0x8,
    0x7e, 0x1, 0x80, 0x50, 0x12, 0xc, 0x7c,

    /* U+0048 "H" */
    0x80, 0xc0, 0x60, 0x30, 0x18, 0xf, 0xfe, 0x3,
    0x1, 0x80, 0xc0, 0x60, 0x30, 0x10,

    /* U+0049 "I" */
    0xff, 0xf0,

    /* U+004A "J" */
    0x2, 0x4, 0x8, 0x10, 0x20, 0x40, 0x81, 0x83,
    0x7, 0x13, 0xc0,

    /* U+004B "K" */
    0x81, 0x20, 0x88, 0x42, 0x20, 0x90, 0x2c, 0xd,
    0x82, 0x30, 0x86, 0x20, 0x88, 0x12, 0x6,

    /* U+004C "L" */
    0x80, 0x80, 0x80, 0x80, 0x80, 0x80, 0x80, 0x80,
    0x80, 0x80, 0x80, 0xff,

    /* U+004D "M" */
    0xc0, 0x3c, 0x3, 0xc0, 0x3e, 0x7, 0xa0, 0x5b,
    0xd, 0x90, 0x99, 0x99, 0x89, 0x18, 0xf1, 0x86,
    0x18, 0x61,

    /* U+004E "N" */
    0x80, 0xe0, 0x78, 0x36, 0x19, 0xc, 0xc6, 0x33,
    0x9, 0x82, 0xc1, 0xe0, 0x70, 0x10,

    /* U+004F "O" */
    0x1f, 0x4, 0x11, 0x1, 0x40, 0x18, 0x3, 0x0,
    0x60, 0xc, 0x1, 0x80, 0x28, 0x8, 0x82, 0xf,
    0x80,

    /* U+0050 "P" */
    0xfe, 0x83, 0x81, 0x81, 0x81, 0x83, 0xfe, 0x80,
    0x80, 0x80, 0x80, 0x80,

    /* U+0051 "Q" */
    0x1f, 0x4, 0x11, 0x1, 0x40, 0x18, 0x3, 0x0,
    0x60, 0xc, 0x11, 0x83, 0x28, 0x38, 0x83, 0xf,
    0xa0, 0x2,

    /* U+0052 "R" */
    0xfe, 0x41, 0xa0, 0x50, 0x28, 0x14, 0x13, 0xf1,
    0x6, 0x81, 0x40, 0xa0, 0x50, 0x20,

    /* U+0053 "S" */
    0x3e, 0x21, 0xa0, 0x70, 0x1c, 0x3, 0xe0, 0x1c,
    0x3, 0x80, 0xc0, 0x50, 0x47, 0xc0,

    /* U+0054 "T" */
    0xff, 0x84, 0x2, 0x1, 0x0, 0x80, 0x40, 0x20,
    0x10, 0x8, 0x4, 0x2, 0x1, 0x0,

    /* U+0055 "U" */
    0x80, 0xc0, 0x60, 0x30, 0x18, 0xc, 0x6, 0x3,
    0x1, 0x80, 0xc0, 0x50, 0x47, 0xc0,

    /* U+0056 "V" */
    0xc0, 0x50, 0x34, 0x9, 0x82, 0x21, 0x88, 0x43,
    0x30, 0x4c, 0x12, 0x7, 0x80, 0xc0, 0x30,

    /* U+0057 "W" */
    0xc1, 0x7, 0x87, 0x9, 0xa, 0x12, 0x14, 0x66,
    0x28, 0xc4, 0xd9, 0x9, 0x12, 0x12, 0x2c, 0x34,
    0x50, 0x30, 0xe0, 0x60, 0xc0, 0xc1, 0x80,

    /* U+0058 "X" */
    0x40, 0x98, 0x63, 0x10, 0x48, 0x1e, 0x3, 0x0,
    0xc0, 0x68, 0x33, 0x8, 0x46, 0x1b, 0x3,

    /* U+0059 "Y" */
    0x40, 0x4c, 0x18, 0xc6, 0x8, 0x81, 0xb0, 0x14,
    0x1, 0x0, 0x20, 0x4, 0x0, 0x80, 0x10, 0x2,
    0x0,

    /* U+005A "Z" */
    0x7f, 0x80, 0xc0, 0xc0, 0x40, 0x60, 0x60, 0x60,
    0x30, 0x30, 0x30, 0x38, 0x1f, 0xf0,

    /* U+005B "[" */
    0xf8, 0x88, 0x88, 0x88, 0x88, 0x88, 0x88, 0x8f,

    /* U+005C "\\" */
    0x82, 0x8, 0x10, 0x41, 0x82, 0x8, 0x10, 0x41,
    0x2, 0x8, 0x20, 0x41,

    /* U+005D "]" */
    0xf1, 0x11, 0x11, 0x11, 0x11, 0x11, 0x11, 0x1f,

    /* U+005E "^" */
    0x30, 0xc6, 0x92, 0x46, 0x10,

    /* U+005F "_" */
    0xff,

    /* U+0060 "`" */
    0xc8, 0x80,

    /* U+0061 "a" */
    0x3d, 0x8c, 0x9, 0xfc, 0x30, 0x60, 0xc3, 0x7a,

    /* U+0062 "b" */
    0x80, 0x80, 0x80, 0xbc, 0xc2, 0x81, 0x81, 0x81,
    0x81, 0x81, 0xc2, 0xbc,

    /* U+0063 "c" */
    0x3c, 0x8e, 0xc, 0x8, 0x10, 0x20, 0xa3, 0x3c,

    /* U+0064 "d" */
    0x1, 0x1, 0x1, 0x3d, 0x43, 0x81, 0x81, 0x81,
    0x81, 0x81, 0x43, 0x3d,

    /* U+0065 "e" */
    0x3c, 0x46, 0x83, 0x81, 0xff, 0x80, 0x83, 0x46,
    0x3c,

    /* U+0066 "f" */
    0x1c, 0x82, 0x3f, 0x20, 0x82, 0x8, 0x20, 0x82,
    0x8,

    /* U+0067 "g" */
    0x3d, 0x43, 0x81, 0x81, 0x81, 0x81, 0x81, 0x43,
    0x3d, 0x1, 0x42, 0x3c,

    /* U+0068 "h" */
    0x81, 0x2, 0x5, 0xec, 0x70, 0x60, 0xc1, 0x83,
    0x6, 0xc, 0x10,

    /* U+0069 "i" */
    0xf2, 0xaa, 0xaa,

    /* U+006A "j" */
    0x6c, 0x24, 0x92, 0x49, 0x24, 0xa0,

    /* U+006B "k" */
    0x81, 0x2, 0x4, 0x28, 0x92, 0x28, 0x78, 0x99,
    0x12, 0x34, 0x30,

    /* U+006C "l" */
    0xff, 0xf0,

    /* U+006D "m" */
    0xb9, 0xd9, 0xce, 0x10, 0xc2, 0x18, 0x43, 0x8,
    0x61, 0xc, 0x21, 0x84, 0x20,

    /* U+006E "n" */
    0xbd, 0x8e, 0xc, 0x18, 0x30, 0x60, 0xc1, 0x82,

    /* U+006F "o" */
    0x3c, 0x42, 0x81, 0x81, 0x81, 0x81, 0x81, 0x42,
    0x3c,

    /* U+0070 "p" */
    0xbc, 0xc2, 0x81, 0x81, 0x81, 0x81, 0x81, 0xc2,
    0xbc, 0x80, 0x80, 0x80,

    /* U+0071 "q" */
    0x3d, 0x43, 0x81, 0x81, 0x81, 0x81, 0x81, 0x43,
    0x3d, 0x1, 0x1, 0x1,

    /* U+0072 "r" */
    0xbe, 0x21, 0x8, 0x42, 0x10, 0x80,

    /* U+0073 "s" */
    0x7d, 0xa, 0xf, 0x3, 0xc0, 0xe0, 0xe3, 0x7c,

    /* U+0074 "t" */
    0x21, 0x9, 0xf2, 0x10, 0x84, 0x21, 0x8, 0x70,

    /* U+0075 "u" */
    0x83, 0x6, 0xc, 0x18, 0x30, 0x60, 0xe3, 0x7a,

    /* U+0076 "v" */
    0xc2, 0x42, 0x46, 0x64, 0x24, 0x2c, 0x38, 0x18,
    0x18,

    /* U+0077 "w" */
    0xc6, 0x34, 0x63, 0x46, 0x24, 0xf2, 0x69, 0x62,
    0x94, 0x29, 0x43, 0x8c, 0x10, 0x80,

    /* U+0078 "x" */
    0x42, 0x66, 0x34, 0x18, 0x18, 0x3c, 0x24, 0x62,
    0xc3,

    /* U+0079 "y" */
    0xc3, 0x42, 0x42, 0x66, 0x24, 0x3c, 0x18, 0x18,
    0x18, 0x10, 0x10, 0x30,

    /* U+007A "z" */
    0xfe, 0xc, 0x30, 0xc1, 0x6, 0x18, 0x60, 0xfe,

    /* U+007B "{" */
    0x19, 0x8, 0x42, 0x10, 0x84, 0xc1, 0x8, 0x42,
    0x10, 0x83,

    /* U+007C "|" */
    0xff, 0xff, 0x80,

    /* U+007D "}" */
    0xc1, 0x8, 0x42, 0x10, 0x84, 0x19, 0x8, 0x42,
    0x10, 0x98,

    /* U+007E "~" */
    0x70, 0x5a, 0xe,

    /* U+007F "" */
    0x0,

    /* U+201C "“" */
    0x4c, 0xa5, 0xbd, 0x80,

    /* U+201D "”" */
    0xde, 0xd2, 0x99, 0x0,

    /* U+2103 "℃" */
    0x60, 0x2, 0x40, 0x9, 0x3f, 0x19, 0x6, 0x8,
    0x8, 0x20, 0x1, 0x80, 0x6, 0x0, 0x18, 0x0,
    0x20, 0x30, 0xc0, 0x81, 0x86, 0x3, 0xe0,

    /* U+3001 "、" */
    0xc6, 0x30,

    /* U+3002 "。" */
    0x69, 0x96,

    /* U+300A "《" */
    0x12, 0x28, 0x91, 0x66, 0x89, 0x34, 0x48, 0x58,
    0x90, 0xa1, 0x23, 0x42, 0x44, 0x80,

    /* U+300B "》" */
    0x90, 0xa1, 0x23, 0x42, 0xc4, 0x85, 0x89, 0x34,
    0x48, 0xa2, 0x45, 0x9a, 0x24, 0x0,

    /* U+4E00 "一" */
    0xff, 0xfc,

    /* U+4E0A "上" */
    0x2, 0x0, 0x8, 0x0, 0x20, 0x0, 0x80, 0x2,
    0x0, 0xf, 0xe0, 0x20, 0x0, 0x80, 0x2, 0x0,
    0x8, 0x0, 0x20, 0x0, 0x80, 0x2, 0x3, 0xff,
    0xf0,

    /* U+4E0B "下" */
    0xff, 0xfc, 0x8, 0x0, 0x20, 0x0, 0x80, 0x3,
    0x80, 0x9, 0x80, 0x23, 0x0, 0x82, 0x2, 0x0,
    0x8, 0x0, 0x20, 0x0, 0x80, 0x2, 0x0, 0x8,
    0x0,

    /* U+4E0D "不" */
    0xff, 0xfc, 0x4, 0x0, 0x30, 0x0, 0xc0, 0x7,
    0x40, 0x3d, 0x81, 0xb1, 0xc, 0xc2, 0xc3, 0x6,
    0xc, 0x10, 0x30, 0x0, 0xc0, 0x3, 0x0, 0xc,
    0x0,

    /* U+4E1C "东" */
    0xc, 0x0, 0x20, 0xf, 0xff, 0x84, 0x0, 0x30,
    0x0, 0x88, 0x6, 0x20, 0x1f, 0xfc, 0x2, 0x0,
    0x8, 0x3, 0x22, 0x8, 0x84, 0xc2, 0x1a, 0x8,
    0x30, 0xe0, 0x0,

    /* U+4E2A "个" */
    0x1, 0x0, 0x5, 0x0, 0x13, 0x0, 0x63, 0x1,
    0x83, 0xc, 0x21, 0xb0, 0x41, 0x80, 0x80, 0x1,
    0x0, 0x2, 0x0, 0x4, 0x0, 0x8, 0x0, 0x10,
    0x0, 0x20, 0x0, 0x40, 0x0,

    /* U+4E2D "中" */
    0x2, 0x0, 0x10, 0x0, 0x81, 0xff, 0xf8, 0x20,
    0xc1, 0x6, 0x8, 0x30, 0x41, 0xff, 0xfc, 0x10,
    0x40, 0x80, 0x4, 0x0, 0x20, 0x1, 0x0, 0x8,
    0x0,

    /* U+4E48 "么" */
    0x2, 0x0, 0x18, 0x0, 0x40, 0x3, 0x10, 0x18,
    0xc0, 0x42, 0x2, 0x18, 0x10, 0xc0, 0x82, 0x60,
    0x18, 0x80, 0xc1, 0x6, 0x4, 0x30, 0x38, 0xff,
    0xb0, 0x0, 0x0,

    /* U+4E5F "也" */
    0x0, 0x80, 0x21, 0x0, 0x42, 0x0, 0x85, 0xc1,
    0x7c, 0x9f, 0x91, 0x24, 0x22, 0x8, 0x44, 0x10,
    0x88, 0x21, 0x60, 0x42, 0x0, 0x80, 0x31, 0x0,
    0x41, 0xff, 0x80,

    /* U+4E70 "买" */
    0x7f, 0xf8, 0x0, 0x60, 0x11, 0x6, 0x44, 0x5,
    0x1, 0x84, 0x1, 0x90, 0x0, 0x40, 0xff, 0xfc,
    0x8, 0x0, 0x78, 0x3, 0x18, 0x70, 0x3b, 0x0,
    0x20,

    /* U+4E86 "了" */
    0xff, 0xf0, 0x3, 0x0, 0x40, 0x18, 0x3, 0x0,
    0x20, 0x2, 0x0, 0x20, 0x2, 0x0, 0x20, 0x2,
    0x0, 0x20, 0x2, 0x1, 0xe0,

    /* U+4E9B "些" */
    0x8, 0x80, 0x22, 0x4, 0x89, 0xd3, 0xbc, 0x48,
    0x81, 0x22, 0x14, 0xa8, 0x7f, 0x3f, 0x0, 0x0,
    0x0, 0x3, 0xff, 0x0, 0x0, 0x0, 0x3, 0xff,
    0xf0,

    /* U+4EBA "人" */
    0x1, 0x0, 0x2, 0x0, 0x4, 0x0, 0x8, 0x0,
    0x10, 0x0, 0x20, 0x0, 0xa0, 0x1, 0x40, 0x6,
    0x40, 0x8, 0xc0, 0x20, 0x80, 0xc0, 0x83, 0x0,
    0x98, 0x0, 0xc0, 0x0, 0x0,

    /* U+4EC1 "仁" */
    0x10, 0x0, 0x40, 0x1, 0x0, 0x9, 0xfe, 0x20,
    0x1, 0x80, 0xe, 0x0, 0x28, 0x0, 0x20, 0x0,
    0x80, 0x2, 0x0, 0x8, 0x0, 0x2f, 0xfc, 0x80,
    0x2, 0x0, 0x0,

    /* U+4ECE "从" */
    0x8, 0x20, 0x10, 0x40, 0x20, 0x80, 0x41, 0x0,
    0x82, 0x1, 0x4, 0x2, 0x8, 0xe, 0x38, 0x14,
    0x50, 0x24, 0xa0, 0xcf, 0x21, 0x4, 0x66, 0x18,
    0x58, 0x60, 0xc0, 0x0, 0x0,

    /* U+4ED6 "他" */
    0x10, 0x40, 0x41, 0x3, 0x44, 0x9, 0x16, 0x65,
    0xe9, 0xb9, 0x2a, 0x44, 0x89, 0x12, 0x24, 0x58,
    0x91, 0x2, 0x44, 0x49, 0x1, 0x24, 0x4, 0x90,
    0x12, 0x7f, 0x80,

    /* U+4EE3 "代" */
    0x11, 0x40, 0x44, 0x81, 0x11, 0x8, 0x40, 0x61,
    0x39, 0xbf, 0x8e, 0x10, 0x28, 0x40, 0x20, 0x80,
    0x82, 0x2, 0x8, 0x8, 0x11, 0x20, 0x44, 0x80,
    0xa2, 0x1, 0x80,

    /* U+4EE5 "以" */
    0x0, 0x24, 0x1, 0x24, 0x9, 0x30, 0x48, 0xc2,
    0x43, 0x12, 0x9, 0x90, 0x8, 0x80, 0x44, 0x6,
    0x22, 0x29, 0xe2, 0x6c, 0x31, 0x6, 0x4, 0x20,
    0x20,

    /* U+4EEC "们" */
    0x1a, 0x0, 0x4d, 0xf1, 0x10, 0x49, 0x1, 0x24,
    0x5, 0x90, 0x1e, 0x40, 0x69, 0x1, 0x24, 0x4,
    0x90, 0x12, 0x40, 0x49, 0x1, 0x24, 0x4, 0x90,
    0x12, 0x41, 0xc0,

    /* U+4EF7 "价" */
    0x10, 0xc0, 0x23, 0x80, 0x84, 0x81, 0x19, 0x86,
    0x61, 0x8d, 0x81, 0xba, 0x85, 0xd1, 0x8, 0x22,
    0x10, 0x44, 0x20, 0x88, 0x41, 0x10, 0x82, 0x41,
    0x4, 0x82, 0xa, 0x4, 0x0,

    /* U+4EFD "份" */
    0x11, 0x20, 0x48, 0x83, 0x23, 0x9, 0x84, 0x64,
    0x9, 0xa0, 0x3a, 0x7f, 0x8, 0x44, 0x21, 0x10,
    0x84, 0x42, 0x31, 0x8, 0x84, 0x22, 0x10, 0x90,
    0x42, 0x8e, 0x0,

    /* U+4F1A "会" */
    0x1, 0x0, 0x5, 0x0, 0x31, 0x0, 0xc1, 0x83,
    0x1, 0x99, 0xfc, 0xc0, 0x0, 0x0, 0x0, 0x7f,
    0xfc, 0x8, 0x0, 0x30, 0x80, 0xc1, 0x81, 0x3,
    0x87, 0xf9, 0x0, 0x0, 0x0,

    /* U+4F4F "住" */
    0x10, 0x80, 0x42, 0x1, 0xc, 0xb, 0xff, 0x20,
    0xc1, 0x83, 0xe, 0xc, 0x28, 0x30, 0x27, 0xfc,
    0x83, 0x2, 0xc, 0x8, 0x30, 0x20, 0xc0, 0xbf,
    0xf2, 0x0, 0x0,

    /* U+4F5C "作" */
    0x19, 0x0, 0x4c, 0x3, 0x3f, 0xc8, 0xa0, 0x64,
    0x81, 0xb2, 0xa, 0x8f, 0xc8, 0x20, 0x20, 0x80,
    0x82, 0x2, 0xf, 0xc8, 0x20, 0x20, 0x80, 0x82,
    0x2, 0x8, 0x0,

    /* U+4F60 "你" */
    0x1b, 0x0, 0x48, 0x1, 0x3f, 0xc9, 0x81, 0x24,
    0x9, 0xb1, 0x2e, 0x84, 0x28, 0x94, 0x22, 0x48,
    0x99, 0x22, 0x44, 0xc9, 0x11, 0x28, 0x44, 0x81,
    0x2, 0x1c, 0x0,

    /* U+4FC4 "俄" */
    0x10, 0xa0, 0x26, 0x48, 0x94, 0x99, 0x9, 0x6,
    0xff, 0xec, 0x24, 0x28, 0x49, 0x10, 0xb2, 0x21,
    0xf4, 0x5e, 0x30, 0xa4, 0x61, 0x9, 0x92, 0x17,
    0x24, 0x29, 0x49, 0x83, 0x0,

    /* U+503C "值" */
    0x10, 0x40, 0x2f, 0xf8, 0x81, 0x1, 0x2, 0x6,
    0x3f, 0x9c, 0x41, 0x28, 0xfe, 0x11, 0x4, 0x23,
    0xf8, 0x44, 0x10, 0x88, 0x21, 0x1f, 0xc2, 0x20,
    0x85, 0xff, 0xc8, 0x0, 0x0,

    /* U+505A "做" */
    0x12, 0x10, 0x24, 0x20, 0xc8, 0xf9, 0x7d, 0x26,
    0x26, 0x4c, 0x4c, 0xa8, 0x9d, 0x17, 0xca, 0x28,
    0x98, 0x51, 0x30, 0xa2, 0x21, 0x44, 0xc2, 0xfb,
    0x45, 0xc, 0xc8, 0x10, 0x80,

    /* U+505C "停" */
    0x10, 0x80, 0x7f, 0xf3, 0x0, 0x9, 0xfe, 0x64,
    0x19, 0x9f, 0xea, 0x0, 0x2b, 0xff, 0x28, 0x4,
    0xa0, 0x12, 0x7f, 0x88, 0x30, 0x20, 0xc0, 0x83,
    0x2, 0x38, 0x0,

    /* U+5065 "健" */
    0x10, 0x20, 0x3d, 0xf8, 0x88, 0x91, 0x2f, 0xf6,
    0x42, 0x4d, 0x84, 0xbb, 0xbf, 0x11, 0x10, 0x2a,
    0xfc, 0x54, 0x40, 0xbf, 0xf9, 0x21, 0x2, 0xa0,
    0x5, 0x30, 0xc, 0x1f, 0x80,

    /* U+508D "傍" */
    0x10, 0x0, 0x61, 0x1, 0x7f, 0xcc, 0x44, 0x20,
    0x91, 0x9f, 0xf6, 0x40, 0x68, 0x10, 0xa0, 0x40,
    0x9f, 0xf2, 0x8, 0x8, 0x3e, 0x21, 0x8, 0x84,
    0x22, 0x60, 0x8b, 0xc,

    /* U+50CF "像" */
    0x11, 0x0, 0x27, 0xe0, 0x98, 0x81, 0x7f, 0xe6,
    0x44, 0x4c, 0x98, 0xb9, 0xff, 0x50, 0xc0, 0x26,
    0x4c, 0x51, 0xf0, 0x8c, 0xa1, 0x67, 0x62, 0x1a,
    0x45, 0xc4, 0x48, 0x30, 0x0,

    /* U+5149 "光" */
    0x3, 0x1, 0x8c, 0x62, 0x31, 0x4, 0xcc, 0x13,
    0x20, 0xc, 0xf, 0xff, 0xc2, 0x20, 0x8, 0x80,
    0x22, 0x0, 0x88, 0x44, 0x21, 0x30, 0x87, 0x1,
    0xf0,

    /* U+5165 "入" */
    0x8, 0x0, 0x10, 0x0, 0x20, 0x0, 0x80, 0x3,
    0x0, 0xc, 0x0, 0x48, 0x1, 0x20, 0xc, 0xc0,
    0x21, 0x1, 0x2, 0xc, 0xc, 0x60, 0x1b, 0x0,
    0x30,

    /* U+5168 "全" */
    0x1, 0x0, 0x5, 0x0, 0x31, 0x80, 0xc1, 0x86,
    0x0, 0xcb, 0xfe, 0x80, 0x40, 0x0, 0x80, 0x1,
    0x0, 0x7f, 0xf0, 0x4, 0x0, 0x8, 0x0, 0x10,
    0xf, 0xff, 0x80,

    /* U+516C "公" */
    0x0, 0x40, 0x21, 0x1, 0x84, 0x4, 0x18, 0x30,
    0x20, 0x80, 0x44, 0x21, 0xb1, 0x83, 0x84, 0x4,
    0x31, 0x0, 0x86, 0x4, 0x8, 0x30, 0x30, 0xff,
    0x40, 0x0, 0x0,

    /* U+5176 "其" */
    0x10, 0x23, 0xff, 0xf1, 0x2, 0x4, 0x8, 0x1f,
    0xe0, 0x40, 0x81, 0x2, 0x7, 0xf8, 0x10, 0x20,
    0x40, 0x8f, 0xff, 0xc0, 0x0, 0x18, 0x71, 0xc0,
    0x60, 0x0, 0x0,

    /* U+517B "养" */
    0x8, 0x40, 0x21, 0xf, 0xff, 0xc0, 0x80, 0x7f,
    0xf8, 0x10, 0xf, 0xff, 0xc2, 0x10, 0x10, 0x21,
    0xa1, 0x6c, 0x84, 0xc2, 0x10, 0x8, 0x40, 0xc1,
    0x6, 0x4, 0x0,

    /* U+51AC "冬" */
    0x0, 0x0, 0x20, 0x1, 0xff, 0xc, 0x8, 0x68,
    0x40, 0x1e, 0x0, 0x78, 0xf, 0x3c, 0xe0, 0x1c,
    0x1c, 0x0, 0xc, 0xc, 0x0, 0x1e, 0x0, 0xf,
    0x0, 0x6, 0x0,

    /* U+51B0 "冰" */
    0x0, 0x41, 0x80, 0x81, 0x1, 0x1, 0x2, 0x32,
    0xf4, 0xc0, 0x2f, 0x0, 0x5c, 0x1, 0xb8, 0x22,
    0x50, 0x44, 0xb0, 0x91, 0x22, 0x62, 0x25, 0x84,
    0x78, 0x8, 0x0, 0x70, 0x0,

    /* U+51CF "减" */
    0x0, 0x52, 0x1, 0x24, 0xff, 0xda, 0x10, 0x28,
    0x40, 0x2e, 0xa0, 0x82, 0x8a, 0xea, 0x2a, 0xb1,
    0xaa, 0xc4, 0xab, 0x12, 0xed, 0xd0, 0x76, 0x43,
    0x59, 0x8, 0xc0,

    /* U+51FA "出" */
    0x2, 0x0, 0x10, 0x10, 0x84, 0x84, 0x24, 0x21,
    0x21, 0x9, 0xff, 0xc0, 0x40, 0x2, 0x4, 0x10,
    0x60, 0x83, 0x4, 0x18, 0x20, 0xff, 0xfe, 0x0,
    0x20,

    /* U+51FB "击" */
    0x3, 0x0, 0xc, 0x7, 0xff, 0x80, 0xc0, 0x3,
    0x0, 0xc, 0xf, 0xff, 0xc0, 0xc0, 0x3, 0x0,
    0x8c, 0x42, 0x31, 0x8, 0xc4, 0x23, 0x10, 0xff,
    0xc2, 0x1, 0x0,

    /* U+5206 "分" */
    0x4, 0x40, 0x18, 0xc0, 0x20, 0x80, 0x80, 0x82,
    0x0, 0x98, 0x0, 0xc7, 0xfc, 0x1, 0x8, 0x4,
    0x10, 0x8, 0x20, 0x10, 0x40, 0x40, 0x81, 0x81,
    0x6, 0x4, 0x18, 0xf8, 0x0,

    /* U+5207 "切" */
    0x20, 0x0, 0x8f, 0xf2, 0x4, 0x48, 0x11, 0x3e,
    0x47, 0x81, 0x12, 0x4, 0x48, 0x11, 0x20, 0x84,
    0x82, 0x12, 0xc8, 0x4e, 0x41, 0x23, 0x4, 0x18,
    0x30, 0xc7, 0x80,

    /* U+522B "别" */
    0x0, 0x5, 0xfc, 0x94, 0x12, 0x50, 0x49, 0x41,
    0x25, 0xfc, 0x90, 0x82, 0x42, 0x9, 0x7f, 0x24,
    0x64, 0x91, 0x12, 0x44, 0x41, 0x21, 0x5, 0x84,
    0x1c, 0x61, 0xc0,

    /* U+5230 "到" */
    0x0, 0x7, 0xfd, 0x13, 0x4, 0x49, 0x91, 0x42,
    0x47, 0xfd, 0x10, 0x14, 0x42, 0x11, 0xff, 0x47,
    0xfd, 0x10, 0x84, 0x42, 0x1, 0xb, 0x4, 0xfc,
    0x1e, 0x7, 0xc0,

    /* U+5265 "剥" */
    0x0, 0xb, 0xf2, 0x41, 0x12, 0xf8, 0x90, 0x44,
    0x82, 0x27, 0xfd, 0x33, 0x9, 0x7a, 0x48, 0xe2,
    0x4f, 0x12, 0xb4, 0x19, 0x90, 0x8c, 0x4, 0xc0,
    0xe0,

    /* U+529B "力" */
    0x2, 0x0, 0x10, 0x0, 0x80, 0xff, 0xf0, 0x20,
    0x81, 0x4, 0x8, 0x20, 0x81, 0x4, 0x8, 0x20,
    0x42, 0x2, 0x30, 0x11, 0x1, 0x30, 0x9, 0x3,
    0xc0,

    /* U+52A8 "动" */
    0x0, 0x41, 0xf1, 0x0, 0x4, 0x0, 0x7f, 0x0,
    0x47, 0xf9, 0x12, 0x4, 0x48, 0x11, 0x2c, 0x45,
    0x13, 0x14, 0x68, 0x53, 0xa1, 0xf2, 0x86, 0x4,
    0x30, 0x33, 0x80,

    /* U+52C7 "勇" */
    0x7f, 0xf0, 0xc3, 0x1f, 0xfe, 0x84, 0x17, 0xff,
    0xa1, 0x5, 0xff, 0xe8, 0x41, 0x2, 0x7, 0xff,
    0xc1, 0x2, 0x18, 0x13, 0x80, 0xf0, 0x78,

    /* U+5316 "化" */
    0x4, 0x80, 0x19, 0x0, 0x22, 0x10, 0xc4, 0x63,
    0x9, 0x86, 0x16, 0x14, 0x30, 0x48, 0xc0, 0x17,
    0x80, 0x21, 0x0, 0x42, 0x0, 0x84, 0x11, 0x8,
    0x22, 0x10, 0x44, 0x3f, 0x80,

    /* U+538B "压" */
    0x7f, 0xfd, 0x0, 0x4, 0x10, 0x10, 0x40, 0x41,
    0x1, 0x7f, 0xe4, 0x10, 0x10, 0x48, 0x41, 0x31,
    0x4, 0x48, 0x11, 0xa0, 0x40, 0xbf, 0xfe, 0x0,
    0x0,

    /* U+5398 "厘" */
    0x7f, 0xfd, 0x0, 0x5, 0xff, 0x16, 0x64, 0x59,
    0x91, 0x7f, 0xc5, 0x99, 0x17, 0xfc, 0x41, 0x81,
    0x6, 0x5, 0xff, 0xa0, 0x60, 0xbf, 0xfc,

    /* U+53C8 "又" */
    0x7f, 0xf0, 0x80, 0x43, 0x3, 0x4, 0x8, 0x10,
    0x60, 0x21, 0x0, 0xc8, 0x1, 0x60, 0x3, 0x0,
    0x1e, 0x0, 0xcc, 0xc, 0x1c, 0xe0, 0x1c, 0x0,
    0x0,

    /* U+53D1 "发" */
    0x2, 0x40, 0x88, 0x82, 0x61, 0x19, 0x0, 0x7f,
    0xfc, 0x10, 0x0, 0xc0, 0x3, 0xfc, 0x1c, 0x10,
    0x58, 0x83, 0x36, 0x8, 0x70, 0x43, 0x62, 0x38,
    0xe1, 0x80, 0x40,

    /* U+53D6 "取" */
    0xff, 0xfd, 0x1a, 0x14, 0x68, 0xdf, 0xb2, 0x46,
    0x49, 0x19, 0x24, 0x65, 0x9f, 0x8c, 0x46, 0x31,
    0x18, 0xc4, 0xf3, 0x3f, 0x92, 0x6, 0x8c, 0x18,
    0x10,

    /* U+53EF "可" */
    0xff, 0xfc, 0x0, 0x40, 0x1, 0xf, 0xc4, 0x21,
    0x10, 0x84, 0x42, 0x11, 0x8, 0x44, 0x3f, 0x10,
    0x80, 0x40, 0x1, 0x0, 0x4, 0x0, 0x10, 0x3,
    0xc0,

    /* U+53F6 "叶" */
    0x0, 0x43, 0xc1, 0x9, 0x4, 0x24, 0x10, 0x90,
    0x42, 0x5f, 0xf9, 0x4, 0x24, 0x10, 0x90, 0x42,
    0x41, 0x9, 0x4, 0x3c, 0x10, 0x90, 0x40, 0x1,
    0x0, 0x4, 0x0,

    /* U+5403 "吃" */
    0x1, 0x3, 0xcc, 0x9, 0x3f, 0xa5, 0x80, 0x9c,
    0x2, 0x40, 0x9, 0x3f, 0x24, 0x8, 0x90, 0x62,
    0x43, 0x9, 0x8, 0xbc, 0x43, 0x92, 0x8, 0x8,
    0x20, 0x3f, 0x80,

    /* U+5408 "合" */
    0x3, 0x0, 0x1e, 0x0, 0xcc, 0x6, 0x18, 0x60,
    0x1b, 0x7f, 0xb0, 0x0, 0x0, 0x0, 0x3f, 0xf0,
    0x80, 0x42, 0x1, 0x8, 0x4, 0x20, 0x10, 0xff,
    0xc2, 0x1, 0x0,

    /* U+540D "名" */
    0x0, 0x0, 0x10, 0x1, 0xfe, 0x30, 0x23, 0x3,
    0x32, 0x10, 0xf, 0x0, 0x30, 0x7, 0x1, 0xff,
    0xda, 0x2, 0x10, 0x10, 0x80, 0x84, 0x4, 0x3f,
    0xe1, 0x1,

    /* U+540E "后" */
    0x0, 0x38, 0x7f, 0x80, 0x80, 0x1, 0x0, 0x2,
    0x0, 0x7, 0xff, 0xc8, 0x0, 0x10, 0x0, 0x27,
    0xf8, 0x48, 0x10, 0x90, 0x22, 0x20, 0x44, 0x40,
    0x98, 0xff, 0x1, 0x2, 0x0,

    /* U+5411 "向" */
    0x4, 0x0, 0x60, 0x3f, 0xff, 0x0, 0x18, 0x0,
    0xc0, 0x6, 0x7e, 0x32, 0x11, 0x90, 0x8c, 0x84,
    0x67, 0xe3, 0x0, 0x18, 0x0, 0xc0, 0x6, 0x3,
    0xe0,

    /* U+5417 "吗" */
    0xf3, 0xf4, 0x80, 0xa4, 0x45, 0x22, 0x29, 0x21,
    0x49, 0x12, 0x4f, 0xf2, 0x1, 0x90, 0xc, 0xbf,
    0x7c, 0x3, 0x0, 0x10, 0x1, 0x80, 0x78,

    /* U+542B "含" */
    0x3, 0x0, 0x1e, 0x0, 0xcc, 0xc, 0x8c, 0xe1,
    0x1e, 0x0, 0x13, 0xfe, 0x0, 0x18, 0x0, 0xc0,
    0xff, 0xc2, 0x1, 0x8, 0x4, 0x20, 0x10, 0xff,
    0xc2, 0x1, 0x0,

    /* U+5438 "吸" */
    0xf7, 0xf2, 0x4c, 0x49, 0x32, 0x24, 0xc8, 0x93,
    0x3e, 0x4c, 0x29, 0x38, 0xa4, 0xa6, 0x96, 0xd3,
    0xd1, 0x88, 0x46, 0x2, 0x66, 0x1b, 0x4,

    /* U+547D "命" */
    0x1, 0x0, 0xd, 0x0, 0x31, 0x80, 0xc1, 0x86,
    0xfe, 0xc8, 0x0, 0x80, 0x0, 0x1f, 0x7c, 0x26,
    0x88, 0x4d, 0x10, 0x9a, 0x21, 0xf4, 0x42, 0x6b,
    0x80, 0x10, 0x0, 0x20, 0x0,

    /* U+548C "和" */
    0x6, 0x3, 0xe3, 0xf1, 0x8, 0x44, 0x21, 0xfe,
    0x84, 0x42, 0x13, 0x88, 0x4f, 0x21, 0x56, 0x87,
    0x4a, 0x19, 0x8, 0x44, 0x21, 0x10, 0xfc, 0x42,
    0x11, 0x0, 0x0,

    /* U+5494 "咔" */
    0x0, 0xc3, 0xc3, 0x9, 0xf, 0xa4, 0x30, 0x90,
    0xc2, 0x43, 0x9, 0x7f, 0xe4, 0x30, 0x90, 0xc2,
    0x43, 0x89, 0xd, 0xbc, 0x30, 0x90, 0xc0, 0x3,
    0x0, 0xc, 0x0,

    /* U+54B1 "咱" */
    0x0, 0xc7, 0x84, 0x3c, 0xff, 0x24, 0x19, 0x20,
    0xc9, 0x6, 0x4f, 0xf2, 0x41, 0x92, 0xc, 0x9f,
    0xe4, 0x83, 0xe4, 0x19, 0x3f, 0x81, 0x4, 0x8,
    0x20,

    /* U+5565 "啥" */
    0x0, 0xc3, 0xc3, 0x9, 0x12, 0x24, 0x84, 0x9f,
    0xfa, 0x43, 0x9, 0xc, 0x25, 0xfe, 0x90, 0xc2,
    0x43, 0x9, 0x3f, 0x3c, 0x84, 0x92, 0x10, 0xf,
    0xc0, 0x21, 0x0,

    /* U+5566 "啦" */
    0x4, 0x43, 0x90, 0x8a, 0x42, 0x2b, 0xbf, 0xa4,
    0x2, 0x92, 0x2a, 0x48, 0xa9, 0xa2, 0xbc, 0xca,
    0x91, 0x4a, 0x45, 0x39, 0x14, 0xa4, 0x10, 0x17,
    0xf0, 0xc0, 0x0,

    /* U+5582 "喂" */
    0x3, 0xfb, 0xc9, 0x29, 0x3f, 0xa4, 0x92, 0x93,
    0xfa, 0x40, 0x9, 0x0, 0x25, 0xff, 0x92, 0x42,
    0x49, 0xaf, 0x23, 0x24, 0x94, 0x3, 0x8c, 0x0,
    0x0,

    /* U+559C "喜" */
    0x3, 0x1, 0xff, 0xe0, 0x30, 0x1f, 0xfe, 0x0,
    0x0, 0xff, 0xc2, 0x1, 0xf, 0xfc, 0x8, 0x43,
    0xff, 0xf0, 0x0, 0xf, 0xfc, 0x20, 0x10, 0xff,
    0xc2, 0x1, 0x0,

    /* U+559D "喝" */
    0x3, 0xfb, 0xc8, 0x29, 0x3f, 0xa4, 0x82, 0x93,
    0xfa, 0x44, 0x9, 0x3f, 0xe7, 0x11, 0x92, 0x66,
    0x4a, 0xdf, 0x20, 0x64, 0xf9, 0x0, 0xc, 0x0,
    0xe0,

    /* U+5668 "器" */
    0x7c, 0xf9, 0x12, 0x27, 0xcf, 0x80, 0x88, 0x2,
    0x33, 0xff, 0xf0, 0x84, 0xc, 0xc, 0xe0, 0x1e,
    0xf3, 0xf2, 0x48, 0x89, 0x22, 0x3c, 0xf9, 0x12,
    0x20,

    /* U+5693 "嚓" */
    0x0, 0xc0, 0x1, 0xf, 0x7f, 0xa5, 0x4a, 0x97,
    0xba, 0x5a, 0xa9, 0xdb, 0x24, 0xc4, 0x97, 0xea,
    0x70, 0x9, 0x0, 0x25, 0xfe, 0xf0, 0x52, 0x9,
    0x60, 0x44, 0x82, 0x30,

    /* U+56ED "园" */
    0xff, 0xfc, 0x0, 0x67, 0xf3, 0x0, 0x18, 0x0,
    0xdf, 0xf6, 0x34, 0x31, 0x21, 0x89, 0x2c, 0x89,
    0x68, 0x7b, 0x0, 0x1f, 0xff, 0xc0, 0x4,

    /* U+56FA "固" */
    0xff, 0xfc, 0x10, 0x60, 0x83, 0x7f, 0xd8, 0x20,
    0xc1, 0x6, 0x7f, 0x32, 0x9, 0x90, 0x4c, 0xfe,
    0x60, 0x3, 0x0, 0x1f, 0xff, 0xc0, 0x4,

    /* U+56FD "国" */
    0xff, 0xfc, 0x0, 0x6f, 0xf3, 0xc, 0x18, 0x60,
    0xc3, 0x6, 0x7f, 0x30, 0xd1, 0x86, 0x8d, 0xff,
    0x60, 0x3, 0x0, 0x1f, 0xff, 0xc0, 0x4,

    /* U+5706 "圆" */
    0xff, 0xfc, 0x7c, 0x62, 0x23, 0x1f, 0x18, 0x0,
    0xcf, 0xe6, 0x41, 0x32, 0x49, 0x92, 0x4c, 0x2c,
    0x6e, 0x3b, 0x0, 0x1f, 0xff, 0xc0, 0x4,

    /* U+5708 "圈" */
    0xff, 0xfc, 0x10, 0x66, 0x93, 0x7f, 0xd8, 0x40,
    0xdf, 0xf6, 0x21, 0x37, 0xf5, 0x8b, 0x8c, 0x42,
    0x63, 0xf3, 0x0, 0x1f, 0xff, 0xc0, 0x4,

    /* U+5730 "地" */
    0x20, 0x20, 0x80, 0x82, 0x22, 0x8, 0x8b, 0xfb,
    0xf4, 0x98, 0x92, 0x22, 0x48, 0x89, 0x22, 0x24,
    0x88, 0xb3, 0xa2, 0x7c, 0x81, 0xc2, 0x4, 0x8,
    0x10, 0x3f, 0xc0,

    /* U+578B "型" */
    0x0, 0x9, 0xfd, 0x22, 0x44, 0x89, 0x12, 0xff,
    0x48, 0x91, 0x22, 0x40, 0x99, 0x2, 0x44, 0x39,
    0x0, 0x7, 0xff, 0x80, 0xc0, 0x3, 0x0, 0xc,
    0xf, 0xff, 0xc0,

    /* U+5883 "境" */
    0x20, 0x40, 0x4f, 0xfc, 0x84, 0x61, 0xc, 0x8f,
    0x7f, 0xe4, 0x0, 0x8, 0xff, 0x11, 0x2, 0x23,
    0xfc, 0x44, 0x8, 0xef, 0xf7, 0x84, 0x8c, 0x11,
    0x20, 0x62, 0x43, 0x7, 0x80,

    /* U+58F3 "壳" */
    0x2, 0x3, 0xff, 0xe0, 0x20, 0x0, 0x80, 0x7f,
    0xf0, 0x0, 0xf, 0xff, 0xa0, 0x2, 0x80, 0x8,
    0x3f, 0x0, 0x8c, 0x2, 0x30, 0x10, 0xc4, 0xc3,
    0x2c, 0x7, 0x80,

    /* U+590F "夏" */
    0xff, 0xfc, 0xff, 0xc2, 0x1, 0xf, 0xfc, 0x20,
    0x10, 0xff, 0xc2, 0x1, 0xf, 0xfc, 0x8, 0x0,
    0xff, 0xcf, 0x2, 0x23, 0x30, 0x7, 0xc3, 0xe1,
    0xf0,

    /* U+5916 "外" */
    0x8, 0x20, 0x10, 0x40, 0x7e, 0x80, 0x8d, 0x3,
    0x12, 0x4, 0x26, 0x14, 0x4a, 0x5, 0x12, 0x6,
    0x22, 0xc, 0x40, 0x30, 0x80, 0xc1, 0x3, 0x2,
    0xc, 0x4, 0x10, 0x8, 0x0,

    /* U+591A "多" */
    0x6, 0x0, 0xff, 0x1c, 0x11, 0x81, 0x81, 0x98,
    0x5, 0x80, 0x30, 0xe, 0x10, 0x3, 0xfb, 0xe0,
    0x90, 0xc, 0x8, 0xc0, 0x38, 0x7, 0x83, 0xe0,
    0x0,

    /* U+5927 "大" */
    0x3, 0x0, 0xc, 0x0, 0x30, 0x0, 0x80, 0xff,
    0xfc, 0xc, 0x0, 0x30, 0x1, 0x20, 0x4, 0x80,
    0x31, 0x1, 0x86, 0x4, 0xc, 0x60, 0x1b, 0x0,
    0x30,

    /* U+5929 "天" */
    0x7f, 0xfe, 0x3, 0x0, 0x6, 0x0, 0x8, 0x0,
    0x10, 0xf, 0xff, 0xc0, 0x60, 0x1, 0xe0, 0x2,
    0x40, 0xc, 0x40, 0x30, 0xc0, 0xc0, 0xc7, 0x0,
    0xe8, 0x0, 0x40,

    /* U+592A "太" */
    0x2, 0x0, 0x8, 0x0, 0x20, 0x3f, 0xff, 0x3,
    0x0, 0xc, 0x0, 0x78, 0x1, 0x20, 0xc, 0xc0,
    0x21, 0x1, 0xc2, 0xd, 0x8c, 0x62, 0xa, 0x0,
    0x10,

    /* U+5934 "头" */
    0x0, 0x80, 0xe2, 0x0, 0xc8, 0x10, 0x20, 0x30,
    0x80, 0x66, 0x0, 0x18, 0x3f, 0xff, 0x1, 0x0,
    0x9, 0x0, 0x66, 0x3, 0x4, 0x30, 0xb, 0x0,
    0x10,

    /* U+597D "好" */
    0x10, 0x0, 0xc7, 0xf2, 0x0, 0xbf, 0x4, 0x24,
    0x31, 0x90, 0x84, 0x42, 0x13, 0x7f, 0x48, 0x21,
    0xa0, 0x83, 0x82, 0x6, 0x8, 0x26, 0x21, 0x80,
    0x8c, 0xe, 0x0,

    /* U+5982 "如" */
    0x10, 0x0, 0x40, 0x3, 0x7, 0xff, 0x91, 0x22,
    0x44, 0x89, 0x16, 0x24, 0x51, 0x91, 0x44, 0x44,
    0xf1, 0x11, 0x84, 0x45, 0x91, 0x33, 0x7f, 0x1,
    0x10, 0x0, 0x0,

    /* U+59CB "始" */
    0x20, 0x60, 0x40, 0x80, 0x82, 0x27, 0xcc, 0x66,
    0x90, 0x49, 0x7f, 0xd2, 0x0, 0xa4, 0x0, 0x51,
    0xfc, 0xe2, 0x8, 0xc4, 0x11, 0xc8, 0x22, 0xd0,
    0x48, 0x3f, 0xa0, 0x41, 0x0,

    /* U+5B50 "子" */
    0x3f, 0xf0, 0x0, 0xc0, 0x4, 0x0, 0x60, 0x1,
    0x0, 0x4, 0xf, 0xff, 0xc0, 0x40, 0x1, 0x0,
    0x4, 0x0, 0x10, 0x0, 0x40, 0x1, 0x0, 0x3c,
    0x0,

    /* U+5B63 "季" */
    0x0, 0x31, 0xff, 0x80, 0x30, 0x3f, 0xff, 0x7,
    0x80, 0x6d, 0x8e, 0x31, 0xe7, 0xf8, 0x0, 0xc0,
    0x4, 0xf, 0xff, 0xc0, 0x40, 0x1, 0x0, 0x4,
    0x0, 0xf0, 0x0,

    /* U+5B83 "它" */
    0x2, 0x0, 0x10, 0x3f, 0xff, 0x0, 0x19, 0x0,
    0x88, 0x0, 0x40, 0x82, 0x38, 0x1e, 0x0, 0x80,
    0x4, 0x0, 0x20, 0x11, 0x1, 0xf, 0xf8,

    /* U+5B8C "完" */
    0x2, 0x0, 0x8, 0xf, 0xff, 0xe0, 0x1, 0x80,
    0x4, 0xff, 0x80, 0x0, 0x0, 0x0, 0xff, 0xfc,
    0x32, 0x0, 0x88, 0x2, 0x21, 0x18, 0x84, 0xc2,
    0x1c, 0x7, 0xc0,

    /* U+5B9A "定" */
    0x3, 0x0, 0x2, 0x1, 0xff, 0xf2, 0x0, 0x24,
    0x0, 0x43, 0xfe, 0x0, 0x40, 0x8, 0x80, 0x11,
    0x0, 0x23, 0xf0, 0xc4, 0x1, 0x88, 0x6, 0x90,
    0x8, 0xe0, 0x30, 0x7f, 0x80,

    /* U+5B9E "实" */
    0x2, 0x0, 0xc, 0xf, 0xff, 0xf0, 0x3, 0xd8,
    0x8c, 0x12, 0x3, 0x8, 0x7, 0x20, 0x0, 0x83,
    0xff, 0xf0, 0x10, 0x1, 0xf0, 0xc, 0x71, 0xc0,
    0x70, 0x0, 0x0,

    /* U+5BB6 "家" */
    0x0, 0x0, 0xc, 0xf, 0xff, 0xe0, 0x1, 0x80,
    0x4, 0xff, 0xc0, 0x60, 0x7, 0x82, 0xe3, 0x70,
    0x1f, 0x83, 0x9a, 0x38, 0xec, 0xe, 0x90, 0xe2,
    0x2e, 0x18, 0x41, 0xc0,

    /* U+5BBD "宽" */
    0x1, 0x1, 0xff, 0xf4, 0x0, 0x51, 0x11, 0x3f,
    0xf8, 0x11, 0x0, 0x0, 0x7, 0xfc, 0x10, 0x10,
    0x44, 0x41, 0x11, 0x4, 0xe4, 0x2, 0x84, 0x32,
    0x1f, 0xf, 0xc0,

    /* U+5BC6 "密" */
    0x1, 0x1, 0xff, 0xf4, 0x0, 0x50, 0x49, 0x15,
    0x60, 0xd3, 0x22, 0x51, 0xc1, 0x8d, 0x3f, 0xe1,
    0xc0, 0x4, 0x10, 0x8, 0x42, 0x21, 0x8, 0xff,
    0xe2, 0x0, 0x80,

    /* U+5BD2 "寒" */
    0x2, 0x3, 0xff, 0xf8, 0xc8, 0x6f, 0xfd, 0xc,
    0x80, 0xff, 0xc0, 0xc8, 0x3, 0x20, 0xff, 0xfc,
    0x61, 0x3, 0x73, 0x38, 0x37, 0x9c, 0x4, 0xe,
    0x0, 0x6, 0x0,

    /* U+5C0F "小" */
    0x1, 0x0, 0x2, 0x0, 0x4, 0x0, 0x8, 0x1,
    0x11, 0x6, 0x22, 0x8, 0x42, 0x10, 0x84, 0x61,
    0xc, 0x82, 0xb, 0x4, 0x14, 0x8, 0x30, 0x10,
    0x0, 0x20, 0x3, 0xc0, 0x0,

    /* U+5C11 "少" */
    0x2, 0x0, 0x8, 0x3, 0x26, 0x8, 0x88, 0x62,
    0x11, 0x8, 0x6c, 0x20, 0xa0, 0x88, 0x2, 0x60,
    0x3, 0x0, 0x18, 0x1, 0xc0, 0x1c, 0x3, 0xc0,
    0x0,

    /* U+5C31 "就" */
    0x10, 0x40, 0x41, 0x4f, 0xe4, 0x80, 0x10, 0x7d,
    0xfd, 0x11, 0x44, 0x45, 0x1f, 0x14, 0x10, 0x51,
    0x51, 0x45, 0x49, 0x25, 0x25, 0x91, 0x94, 0x44,
    0x53, 0x31, 0xc0,

    /* U+5C42 "层" */
    0x3f, 0xf8, 0x80, 0x22, 0x0, 0x8f, 0xfe, 0x20,
    0x0, 0xbf, 0xe2, 0x0, 0x8, 0x0, 0x3f, 0xfc,
    0x88, 0x4, 0x63, 0x11, 0x6, 0x4f, 0xfc, 0x0,
    0x10,

    /* U+5DF2 "已" */
    0xff, 0xf0, 0x0, 0x40, 0x1, 0x10, 0x4, 0x40,
    0x11, 0xff, 0xc4, 0x0, 0x10, 0x0, 0x40, 0x1,
    0x0, 0x14, 0x0, 0x50, 0x2, 0x7f, 0xf8,

    /* U+5E38 "常" */
    0x22, 0x10, 0x91, 0x3f, 0xff, 0x0, 0x18, 0x0,
    0xcf, 0xf4, 0x40, 0x83, 0xfc, 0x2, 0x3, 0xff,
    0x90, 0x84, 0x84, 0x24, 0x21, 0x21, 0x18, 0x8,
    0x0,

    /* U+5E74 "年" */
    0x10, 0x0, 0xc0, 0x3, 0xff, 0xd8, 0x60, 0xc1,
    0x80, 0x7f, 0xe1, 0x18, 0x4, 0x60, 0x11, 0x80,
    0x46, 0xf, 0xff, 0xc0, 0x60, 0x1, 0x80, 0x6,
    0x0, 0x18, 0x0,

    /* U+5E78 "幸" */
    0x3, 0x0, 0xc, 0x7, 0xff, 0x80, 0xc0, 0x3,
    0x3, 0xff, 0xf1, 0x86, 0x2, 0x10, 0x7f, 0xf8,
    0xc, 0x0, 0x30, 0x3f, 0xff, 0x3, 0x0, 0xc,
    0x0, 0x30, 0x0,

    /* U+5E7C "幼" */
    0x10, 0x40, 0x41, 0x3, 0x4, 0x8, 0xff, 0x64,
    0x45, 0x11, 0x1f, 0x84, 0x62, 0x11, 0x10, 0x44,
    0x51, 0x12, 0x68, 0x58, 0xa1, 0x7e, 0x85, 0x4,
    0x30, 0x33, 0x80,

    /* U+5EA6 "度" */
    0x1, 0x1, 0xff, 0xf4, 0x0, 0x11, 0x8, 0x7f,
    0xfd, 0x10, 0x84, 0x42, 0x11, 0xf8, 0x40, 0x1,
    0x7f, 0xc4, 0xc2, 0x31, 0x90, 0x81, 0x82, 0x3b,
    0xcb, 0x81, 0xc0,

    /* U+5EB7 "康" */
    0x3, 0x1, 0xff, 0xf4, 0x10, 0x17, 0xfc, 0x41,
    0x11, 0xff, 0xf4, 0x11, 0x10, 0x44, 0x5f, 0xf1,
    0x4, 0x5, 0x99, 0x12, 0xf8, 0x8d, 0x32, 0xc4,
    0x78, 0x70, 0x40,

    /* U+5F00 "开" */
    0x7f, 0xf8, 0x21, 0x80, 0x86, 0x2, 0x18, 0x8,
    0x63, 0xff, 0xf0, 0x86, 0x6, 0x18, 0x10, 0x60,
    0x41, 0x81, 0x6, 0x8, 0x18, 0x60, 0x61, 0x1,
    0x80,

    /* U+5F3A "强" */
    0xf3, 0xf0, 0x90, 0x84, 0x84, 0x27, 0xee, 0x4,
    0x43, 0xfe, 0x11, 0x3e, 0x89, 0x17, 0xf8, 0x82,
    0x4, 0x14, 0x20, 0xa1, 0x3f, 0xf3, 0x84,

    /* U+5F53 "当" */
    0x2, 0xc, 0x21, 0x62, 0x22, 0x26, 0x2, 0xf,
    0xff, 0x0, 0x10, 0x1, 0x0, 0x17, 0xff, 0x0,
    0x10, 0x1, 0x0, 0x1f, 0xff, 0x0, 0x10,

    /* U+5F81 "征" */
    0x10, 0x0, 0x9f, 0xf6, 0x6, 0x30, 0x18, 0x90,
    0x60, 0x49, 0x82, 0x27, 0xd8, 0x98, 0xa2, 0x60,
    0x89, 0x82, 0x26, 0x8, 0x98, 0x22, 0x60, 0xbf,
    0xf2, 0x0, 0x0,

    /* U+5F88 "很" */
    0x0, 0x0, 0x4f, 0xf1, 0x90, 0x26, 0x3f, 0xc1,
    0x40, 0x86, 0x81, 0x19, 0xfe, 0x32, 0x20, 0xa4,
    0x44, 0x48, 0xd0, 0x90, 0xc1, 0x21, 0x82, 0x4d,
    0x84, 0xf1, 0x89, 0x1, 0x0,

    /* U+5F97 "得" */
    0x0, 0x0, 0x5f, 0xe2, 0x40, 0x91, 0xfe, 0x94,
    0x8, 0x5f, 0xe2, 0x0, 0x19, 0xff, 0xa0, 0x10,
    0xbf, 0xf2, 0x1, 0x8, 0x84, 0x23, 0x10, 0x84,
    0x42, 0x6, 0x0,

    /* U+5FAE "微" */
    0x12, 0x10, 0x55, 0x20, 0xaa, 0xc2, 0x55, 0xf8,
    0xfa, 0x46, 0x4, 0x8b, 0xf9, 0x30, 0x2a, 0xa7,
    0x18, 0x4a, 0x30, 0x94, 0x21, 0x6a, 0xc2, 0x9b,
    0x45, 0x24, 0xc8, 0x0, 0x80,

    /* U+5FC3 "心" */
    0x4, 0x0, 0x8, 0x0, 0x10, 0x2, 0x60, 0x8,
    0x80, 0xa0, 0x46, 0x81, 0x92, 0x2, 0x48, 0x9,
    0x20, 0x98, 0x82, 0x62, 0x9, 0x8, 0x20, 0x3f,
    0x0,

    /* U+5FE0 "忠" */
    0x1, 0x0, 0x2, 0x0, 0xff, 0xe1, 0x8, 0x42,
    0x10, 0x84, 0x21, 0xf, 0xfe, 0x0, 0x80, 0x0,
    0x0, 0x0, 0x0, 0xa4, 0x23, 0x44, 0x24, 0x89,
    0x59, 0x6, 0xc3, 0xf8, 0x0,

    /* U+6001 "态" */
    0x1, 0x0, 0x2, 0x1, 0xff, 0xf0, 0x14, 0x0,
    0x6c, 0x1, 0x8c, 0x7, 0x8c, 0x79, 0x87, 0x1,
    0x0, 0x0, 0x0, 0xa6, 0x23, 0x44, 0x64, 0x89,
    0x49, 0x6, 0xc1, 0xf8, 0x0,

    /* U+600E "怎" */
    0x18, 0x0, 0x40, 0x3, 0xff, 0x9a, 0x0, 0x4f,
    0xf2, 0x20, 0x0, 0x80, 0x3, 0xfc, 0x8, 0x0,
    0x4, 0x2, 0x91, 0x12, 0x62, 0x48, 0x2f, 0x20,
    0x90, 0xfe, 0x0,

    /* U+6015 "怕" */
    0x10, 0x20, 0x41, 0x1, 0x9f, 0xd5, 0x41, 0x55,
    0x5, 0x54, 0x19, 0x10, 0x44, 0x7f, 0x11, 0x4,
    0x44, 0x11, 0x10, 0x44, 0x41, 0x11, 0x4, 0x47,
    0xf1, 0x10, 0x40,

    /* U+606D "恭" */
    0x4, 0x20, 0x4, 0x20, 0x3f, 0xfc, 0x4, 0x20,
    0x4, 0x20, 0x7f, 0xfe, 0x4, 0x20, 0x18, 0x18,
    0x33, 0xc, 0x43, 0x2, 0x1b, 0x48, 0x13, 0x48,
    0x33, 0x24, 0x23, 0x24, 0x6, 0x0,

    /* U+60C5 "情" */
    0x20, 0x60, 0x47, 0xfc, 0x81, 0x83, 0x5f, 0xe6,
    0x86, 0xd, 0xff, 0xd8, 0x0, 0x11, 0xfe, 0x22,
    0x4, 0x47, 0xf8, 0x88, 0x11, 0x1f, 0xe2, 0x20,
    0x44, 0x40, 0x88, 0x87, 0x0,

    /* U+6108 "愈" */
    0x1, 0x80, 0x1c, 0xc1, 0xff, 0xf0, 0x0, 0x3,
    0xf4, 0x84, 0x29, 0xf, 0xd2, 0x10, 0xa4, 0x3f,
    0x8, 0x4e, 0x70, 0x0, 0x0, 0x48, 0x42, 0x8a,
    0xc9, 0x4, 0x93, 0xf8, 0x0,

    /* U+610F "意" */
    0x2, 0x1, 0xff, 0xe0, 0x84, 0x3f, 0xff, 0x0,
    0x0, 0xff, 0xc2, 0x1, 0xf, 0xfc, 0x20, 0x10,
    0xff, 0xc0, 0x0, 0x12, 0xc2, 0x49, 0xab, 0x20,
    0x98, 0xfe, 0x40,

    /* U+61C2 "懂" */
    0x11, 0x8, 0x2f, 0xfc, 0x44, 0x22, 0xdf, 0xe5,
    0x86, 0xb, 0xff, 0xd6, 0x18, 0x49, 0xfe, 0x12,
    0x64, 0x27, 0xf8, 0x4f, 0xf0, 0x83, 0x1, 0x7f,
    0xe2, 0xc, 0x5, 0xff, 0x80,

    /* U+6210 "成" */
    0x0, 0x50, 0x0, 0x90, 0xff, 0xf9, 0x2, 0x2,
    0x4, 0x4, 0x9, 0xf, 0x92, 0x11, 0x24, 0x22,
    0x30, 0x44, 0x60, 0x88, 0x81, 0x62, 0x94, 0xd,
    0x28, 0x31, 0xb0, 0xc3, 0x0,

    /* U+6247 "扇" */
    0x1, 0x0, 0xff, 0xf2, 0x0, 0x48, 0x1, 0x3f,
    0xfc, 0x80, 0x2, 0x0, 0xb, 0xcf, 0x21, 0x4,
    0xa5, 0x92, 0x51, 0x51, 0xc7, 0x5d, 0x65, 0x4,
    0x18, 0x71, 0xc0,

    /* U+624B "手" */
    0x0, 0x79, 0xfe, 0x0, 0x10, 0x0, 0x40, 0x1,
    0x1, 0xff, 0xe0, 0x10, 0x0, 0x40, 0xff, 0xfc,
    0x4, 0x0, 0x10, 0x0, 0x40, 0x1, 0x0, 0x4,
    0x0, 0xf0, 0x0,

    /* U+624E "扎" */
    0x11, 0x0, 0x44, 0x1, 0x10, 0x3f, 0x40, 0x11,
    0x0, 0x44, 0x1, 0x10, 0x7, 0x40, 0x79, 0x3,
    0x44, 0x1, 0x10, 0x44, 0x41, 0x11, 0x4, 0x44,
    0x1f, 0x1f, 0x80,

    /* U+6253 "打" */
    0x10, 0x0, 0x23, 0xfc, 0x40, 0x47, 0xe0, 0x81,
    0x1, 0x2, 0x2, 0x4, 0x4, 0xe, 0x8, 0x70,
    0x11, 0x20, 0x20, 0x40, 0x40, 0x80, 0x81, 0x1,
    0x2, 0x2, 0x3c, 0x3c, 0x0,

    /* U+625B "扛" */
    0x10, 0x0, 0x27, 0xf8, 0x40, 0x87, 0xe1, 0x1,
    0x2, 0x2, 0x4, 0x4, 0x8, 0xe, 0x10, 0xf0,
    0x20, 0x20, 0x40, 0x40, 0x80, 0x81, 0x1, 0x2,
    0x2, 0x7f, 0xfc, 0x0, 0x0,

    /* U+628A "把" */
    0x20, 0x0, 0x9f, 0xe2, 0x44, 0xbd, 0x12, 0x24,
    0x48, 0x91, 0x23, 0x7f, 0x9d, 0x0, 0xe4, 0x0,
    0x90, 0x2, 0x40, 0x49, 0x1, 0x24, 0xc, 0x9f,
    0xee, 0x0, 0x0,

    /* U+62CD "拍" */
    0x20, 0x41, 0x6, 0x8, 0xff, 0xf7, 0xf2, 0x20,
    0x91, 0x4, 0xa8, 0x2e, 0x7f, 0xe2, 0x9, 0x10,
    0x48, 0x82, 0x44, 0x12, 0x20, 0x91, 0xff, 0x88,
    0x20,

    /* U+6311 "挑" */
    0x30, 0xb0, 0x61, 0x60, 0xd2, 0xd7, 0xf5, 0xa3,
    0x2b, 0x86, 0x77, 0xc, 0x2c, 0x1c, 0xdc, 0xf1,
    0xbd, 0x6d, 0x6c, 0xd2, 0xc1, 0x89, 0x93, 0x13,
    0x26, 0x46, 0xf9, 0x87, 0x0,

    /* U+6362 "换" */
    0x20, 0x80, 0x43, 0xe0, 0x8c, 0xc7, 0xf1, 0x2,
    0x3f, 0xc4, 0x48, 0x88, 0x91, 0x1d, 0x22, 0xf2,
    0x45, 0x4f, 0xfc, 0x82, 0x81, 0x5, 0x2, 0x11,
    0x4, 0x61, 0xb9, 0x1, 0x80,

    /* U+6536 "收" */
    0x11, 0x0, 0x88, 0x24, 0x41, 0x27, 0xf9, 0x21,
    0x49, 0xa, 0x54, 0x52, 0xa2, 0x91, 0xa4, 0x85,
    0x3c, 0x19, 0x21, 0xc1, 0x1a, 0x9, 0x88, 0x58,
    0x20,

    /* U+6562 "敢" */
    0x0, 0x41, 0xf1, 0x0, 0x8f, 0xff, 0xa2, 0x44,
    0x89, 0x17, 0x27, 0xd4, 0x91, 0x52, 0x44, 0x51,
    0xf0, 0xc4, 0x43, 0x11, 0xcc, 0xfc, 0x7a, 0x13,
    0x30, 0x58, 0x40,

    /* U+6587 "文" */
    0x4, 0x0, 0x8, 0x0, 0x30, 0x3f, 0xff, 0x10,
    0x20, 0x40, 0x81, 0x86, 0x2, 0x10, 0x4, 0x80,
    0x1e, 0x0, 0x30, 0x1, 0xa0, 0x1c, 0x61, 0xc0,
    0x6c, 0x0, 0x40,

    /* U+6599 "料" */
    0x10, 0x10, 0x50, 0x49, 0x49, 0x15, 0x14, 0x58,
    0x10, 0x44, 0x4f, 0xd9, 0xc, 0x34, 0x38, 0x11,
    0x70, 0x7d, 0x7f, 0xa4, 0x84, 0x10, 0x10, 0x40,
    0x41, 0x1, 0x0,

    /* U+65AF "斯" */
    0x44, 0x9, 0x13, 0xef, 0xe8, 0x11, 0x20, 0x7c,
    0x81, 0x13, 0xf4, 0x49, 0x1f, 0x24, 0x44, 0x91,
    0x12, 0x4f, 0xe9, 0x0, 0x24, 0x49, 0x11, 0x14,
    0x48, 0x21, 0x0,

    /* U+65B9 "方" */
    0x2, 0x0, 0x4, 0xf, 0xff, 0xc3, 0x0, 0xc,
    0x0, 0x30, 0x0, 0xff, 0x2, 0x4, 0x8, 0x10,
    0x20, 0x41, 0x1, 0x4, 0x4, 0x20, 0x11, 0x80,
    0x8c, 0x1e, 0x0,

    /* U+65BD "施" */
    0x20, 0x80, 0x62, 0x3, 0xf7, 0xf7, 0xe8, 0x6,
    0x22, 0xc, 0x84, 0x1f, 0x4f, 0x36, 0xf2, 0x4f,
    0x24, 0x9a, 0x49, 0x34, 0xb2, 0x69, 0x14, 0x90,
    0x31, 0x20, 0x6e, 0x7f, 0x0,

    /* U+65E5 "日" */
    0xff, 0xe0, 0x18, 0x6, 0x1, 0x80, 0x7f, 0xf8,
    0x6, 0x1, 0x80, 0x60, 0x18, 0x7, 0xff, 0x80,
    0x60, 0x10,

    /* U+65E9 "早" */
    0x3f, 0xf0, 0x80, 0x42, 0x1, 0xf, 0xfc, 0x20,
    0x10, 0x80, 0x43, 0xff, 0x0, 0xc0, 0x3, 0x3,
    0xff, 0xf0, 0x30, 0x0, 0xc0, 0x3, 0x0, 0xc,
    0x0,

    /* U+65F1 "旱" */
    0x3f, 0xf0, 0x80, 0x43, 0xff, 0x8, 0x4, 0x3f,
    0xf0, 0x0, 0x7, 0xff, 0x80, 0xc0, 0x3, 0x3,
    0xff, 0xf0, 0x30, 0x0, 0xc0, 0x3, 0x0, 0xc,
    0x0,

    /* U+65F6 "时" */
    0x0, 0x13, 0xc0, 0x49, 0x1, 0x25, 0xff, 0x90,
    0x12, 0x40, 0x4f, 0x21, 0x24, 0xc4, 0x91, 0x12,
    0x46, 0x49, 0x1, 0x3c, 0x4, 0x90, 0x10, 0x0,
    0x40, 0x1f, 0x0,

    /* U+6625 "春" */
    0x1, 0x0, 0x3f, 0xfc, 0x1, 0x0, 0x3f, 0xfc,
    0x2, 0x0, 0x7f, 0xfe, 0xc, 0x10, 0x18, 0x18,
    0x3f, 0xfc, 0xe8, 0x13, 0xf, 0xf0, 0x8, 0x10,
    0x8, 0x10, 0xf, 0xf0, 0x8, 0x10,

    /* U+662F "是" */
    0x3f, 0xf0, 0x80, 0x43, 0xff, 0x8, 0x4, 0x3f,
    0xf0, 0x0, 0xf, 0xff, 0xc0, 0x40, 0x11, 0x0,
    0xc7, 0xc3, 0x10, 0x1a, 0x40, 0x4d, 0x2, 0xf,
    0xf0,

    /* U+663E "显" */
    0x3f, 0xf0, 0x80, 0x43, 0xff, 0x8, 0x4, 0x20,
    0x10, 0xff, 0xc0, 0x0, 0x0, 0x0, 0x44, 0x89,
    0x12, 0x22, 0x49, 0xd, 0x2c, 0x4, 0x83, 0xff,
    0xf0,

    /* U+665A "晚" */
    0x1, 0x83, 0xcf, 0xc9, 0x23, 0x27, 0x8, 0x97,
    0xfa, 0x51, 0x2f, 0x44, 0xa5, 0x12, 0x97, 0xfa,
    0x42, 0x89, 0xa, 0x3c, 0x69, 0x83, 0x24, 0x38,
    0x90, 0xc3, 0x80,

    /* U+6696 "暖" */
    0x0, 0x1f, 0xdf, 0xc9, 0x2c, 0xa4, 0x92, 0x90,
    0x52, 0x5f, 0xff, 0x10, 0x25, 0xff, 0x91, 0x2,
    0x47, 0xe9, 0x30, 0xbc, 0xa4, 0x84, 0x60, 0x2e,
    0x70,

    /* U+66F4 "更" */
    0xff, 0xfc, 0x6, 0x1, 0xff, 0xe3, 0x18, 0xc6,
    0x31, 0x8f, 0xff, 0x18, 0xc6, 0x3f, 0xfc, 0x2,
    0x0, 0x64, 0x0, 0x78, 0x0, 0x30, 0x1, 0xbc,
    0x1c, 0xf, 0x80,

    /* U+6700 "最" */
    0x3f, 0xf0, 0xff, 0xc2, 0x1, 0xf, 0xfc, 0x0,
    0x3, 0xff, 0xf2, 0x20, 0xf, 0xbe, 0x22, 0x88,
    0xf9, 0x62, 0x27, 0x8, 0xcc, 0xfe, 0x78, 0xa,
    0x30,

    /* U+6708 "月" */
    0x3f, 0xe4, 0x4, 0x80, 0x90, 0x13, 0xfe, 0x40,
    0x48, 0x9, 0xff, 0x20, 0x24, 0x4, 0x80, 0xa0,
    0x14, 0x3, 0x81, 0xc0,

    /* U+6709 "有" */
    0x6, 0x0, 0x10, 0xf, 0xff, 0xc2, 0x0, 0x18,
    0x0, 0xff, 0xc7, 0x81, 0x37, 0xfc, 0x98, 0x10,
    0x60, 0x41, 0xff, 0x6, 0x4, 0x18, 0x10, 0x60,
    0x41, 0x87, 0x0,

    /* U+671D "朝" */
    0x10, 0x3, 0xfb, 0xf1, 0x8, 0x5f, 0x21, 0x44,
    0xfd, 0x12, 0x17, 0xc8, 0x51, 0x21, 0x7c, 0xfc,
    0x42, 0x11, 0x8, 0x7f, 0xa1, 0x11, 0x4, 0x44,
    0x11, 0x23, 0xc0,

    /* U+671F "期" */
    0x44, 0x2, 0x27, 0xff, 0xa2, 0x89, 0x17, 0xcf,
    0xa2, 0x45, 0x12, 0x2f, 0x91, 0x44, 0xfa, 0x27,
    0xff, 0xa2, 0x1, 0x16, 0x90, 0xa2, 0x86, 0x1c,
    0xe0,

    /* U+6765 "来" */
    0x3, 0x0, 0xc, 0x7, 0xff, 0xc0, 0xc0, 0x33,
    0x30, 0x4c, 0x81, 0x36, 0x3f, 0xff, 0x7, 0x80,
    0x3f, 0x1, 0xb6, 0xc, 0xcc, 0x63, 0x1b, 0xc,
    0x30, 0x30, 0x0,

    /* U+679C "果" */
    0x3f, 0xf0, 0x8c, 0x43, 0xff, 0x8, 0xc4, 0x23,
    0x10, 0xff, 0xc0, 0x30, 0x3f, 0xff, 0x7, 0x80,
    0x2d, 0x1, 0x36, 0x18, 0xc6, 0xc3, 0xc, 0xc,
    0x10,

    /* U+682A "株" */
    0x21, 0x20, 0x84, 0x82, 0x1f, 0xbe, 0xfe, 0x22,
    0x20, 0xc0, 0x87, 0xbf, 0xda, 0x1c, 0xa8, 0xb2,
    0x82, 0xa2, 0x12, 0x88, 0xc9, 0x26, 0x24, 0x90,
    0x82, 0x2, 0x0,

    /* U+6837 "样" */
    0x10, 0x8c, 0x21, 0x10, 0x42, 0x43, 0xef, 0xf1,
    0x2, 0x3, 0x4, 0xd, 0x7f, 0x1a, 0x10, 0x50,
    0x20, 0xa0, 0x40, 0x4f, 0xf8, 0x81, 0x1, 0x2,
    0x2, 0x4, 0x4, 0x8, 0x0,

    /* U+6839 "根" */
    0x20, 0x0, 0x8f, 0xe2, 0x20, 0x88, 0x82, 0xfb,
    0xf8, 0x88, 0x27, 0x3f, 0x9a, 0x90, 0xa2, 0x46,
    0x88, 0xa2, 0x23, 0x8, 0x84, 0x22, 0x58, 0x8f,
    0x32, 0x20, 0x40,

    /* U+68B5 "梵" */
    0x10, 0x23, 0xf7, 0xf3, 0x7, 0x16, 0x2c, 0x5d,
    0xaa, 0x4c, 0x91, 0x2, 0x40, 0x0, 0x1f, 0xc0,
    0x41, 0x1, 0x4, 0x5, 0x91, 0x23, 0x45, 0x85,
    0x1c, 0x7, 0x80,

    /* U+68D5 "棕" */
    0x20, 0x40, 0x40, 0x80, 0x8f, 0xf7, 0xd0, 0x22,
    0x3f, 0xc6, 0x0, 0x1e, 0x0, 0x35, 0xfe, 0xa0,
    0x21, 0x40, 0x50, 0x84, 0xa1, 0x11, 0x22, 0x22,
    0x44, 0x84, 0xc8, 0x30, 0x0,

    /* U+690D "植" */
    0x20, 0x40, 0x9f, 0xf2, 0x4, 0x3e, 0x10, 0x23,
    0xf8, 0x88, 0x27, 0x3f, 0x9a, 0x82, 0xa3, 0xfa,
    0x88, 0x22, 0x20, 0x88, 0xfe, 0x22, 0x8, 0x9f,
    0xf2, 0x0, 0x0,

    /* U+69A8 "榨" */
    0x20, 0x40, 0x8f, 0xf2, 0x20, 0x7e, 0xb5, 0x21,
    0x88, 0x8d, 0x17, 0x8, 0x1a, 0x7f, 0xab, 0x42,
    0x99, 0xf2, 0x4, 0x8, 0x1f, 0x20, 0x40, 0x81,
    0x2, 0x4, 0x0,

    /* U+6B21 "次" */
    0x41, 0x0, 0xc2, 0x0, 0x87, 0xf0, 0x90, 0x20,
    0x24, 0xc0, 0x89, 0x0, 0x16, 0x8, 0x20, 0x30,
    0xc0, 0x41, 0x40, 0x82, 0xc3, 0x8, 0xc4, 0x60,
    0xc8, 0x80, 0xc0,

    /* U+6B62 "止" */
    0x1, 0x0, 0x4, 0x0, 0x10, 0x4, 0x40, 0x11,
    0x0, 0x47, 0xe1, 0x10, 0x4, 0x40, 0x11, 0x0,
    0x44, 0x1, 0x10, 0x4, 0x40, 0x11, 0x3, 0xff,
    0xf0,

    /* U+6BB5 "段" */
    0x0, 0x0, 0xf7, 0xc4, 0x11, 0x10, 0x44, 0x7d,
    0x11, 0x8, 0x74, 0x0, 0x1f, 0xfe, 0x41, 0x9,
    0x6, 0x45, 0xcb, 0x3e, 0x18, 0x40, 0xf1, 0x6,
    0x64, 0x20, 0xc0,

    /* U+6BD4 "比" */
    0x82, 0x8, 0x20, 0x82, 0x8, 0x23, 0xfb, 0xc8,
    0x20, 0x82, 0x8, 0x20, 0x82, 0x8, 0x21, 0x82,
    0x1b, 0xa1, 0xe3, 0xf0,

    /* U+6BDB "毛" */
    0x1, 0xf1, 0xf8, 0x0, 0x40, 0x1, 0x0, 0x7,
    0xf1, 0xf0, 0x0, 0x40, 0x1, 0x0, 0x1f, 0xfb,
    0xf0, 0x0, 0x40, 0x1, 0x3, 0x4, 0x8, 0x1f,
    0xe0,

    /* U+6C14 "气" */
    0x10, 0x0, 0x40, 0x3, 0xff, 0x88, 0x0, 0x40,
    0x3, 0x7f, 0xc8, 0x0, 0x1f, 0xf8, 0x0, 0x20,
    0x0, 0x80, 0x2, 0x0, 0x8, 0x0, 0x24, 0x0,
    0x90, 0x1, 0x40, 0x6,

    /* U+6C34 "水" */
    0x2, 0x0, 0x8, 0x0, 0x20, 0x0, 0x84, 0xfa,
    0x30, 0x2d, 0x81, 0xbc, 0x4, 0xa0, 0x12, 0xc0,
    0x89, 0x6, 0x22, 0x10, 0x84, 0x82, 0xc, 0x8,
    0x0, 0xe0, 0x0,

    /* U+6C42 "求" */
    0x1, 0x40, 0x2, 0x60, 0x4, 0x47, 0xff, 0xe0,
    0x10, 0x8, 0x21, 0x18, 0x46, 0x19, 0xd8, 0x17,
    0x40, 0x1a, 0xc0, 0x64, 0xc1, 0x88, 0xc6, 0x10,
    0xd0, 0x60, 0x83, 0x80, 0x0,

    /* U+6C89 "沉" */
    0xcf, 0xf9, 0xa0, 0x22, 0x80, 0xa0, 0xf8, 0x42,
    0x20, 0x88, 0x80, 0x22, 0x0, 0x88, 0x22, 0x20,
    0x88, 0x84, 0x22, 0x51, 0x9, 0xcc, 0x2e, 0x60,
    0xe0,

    /* U+6CA1 "没" */
    0x63, 0xf0, 0xcc, 0x41, 0x21, 0x0, 0x84, 0x44,
    0x1c, 0xc0, 0x0, 0x7f, 0x80, 0x82, 0x11, 0x10,
    0x86, 0x82, 0xe, 0x18, 0x78, 0x47, 0x1c, 0x0,
    0x10,

    /* U+6CB9 "油" */
    0x40, 0x41, 0x81, 0x1, 0x4, 0x1, 0xff, 0x44,
    0x45, 0x91, 0x13, 0x44, 0x41, 0x11, 0x7, 0xfc,
    0x51, 0x12, 0x44, 0x49, 0x11, 0x64, 0x45, 0x1f,
    0xf4, 0x40, 0x40,

    /* U+6CBB "治" */
    0x40, 0x81, 0x84, 0x3, 0x31, 0x0, 0x86, 0xc4,
    0x9, 0xbf, 0xd2, 0x0, 0x40, 0x0, 0x7, 0xf8,
    0xd0, 0x22, 0x40, 0x99, 0x2, 0x44, 0xb, 0x1f,
    0xe8, 0x40, 0x80,

    /* U+6CFB "泻" */
    0xcf, 0xfc, 0xa0, 0x10, 0xb0, 0x70, 0xff, 0x62,
    0x0, 0x88, 0x0, 0x3f, 0x88, 0x2, 0x20, 0x9,
    0xbf, 0xa4, 0x0, 0x90, 0x2, 0xc0, 0xa, 0x3,
    0xc0,

    /* U+6D3B "活" */
    0x40, 0x39, 0xbf, 0x81, 0xc, 0x0, 0x30, 0x0,
    0xc3, 0x3f, 0xf2, 0xc, 0x0, 0x30, 0x37, 0xf8,
    0x90, 0x22, 0x40, 0x99, 0x2, 0x44, 0x9, 0x1f,
    0xe0, 0x40, 0x80,

    /* U+6D47 "浇" */
    0x82, 0x1, 0x87, 0xe3, 0xf0, 0x0, 0x44, 0x80,
    0xe1, 0x7, 0x12, 0xe3, 0x80, 0x0, 0x2f, 0xfc,
    0x84, 0x86, 0x12, 0x10, 0xc8, 0x42, 0x27, 0x10,
    0x99, 0x83, 0xc0,

    /* U+6DC7 "淇" */
    0x2, 0x11, 0x8, 0x43, 0xff, 0xc0, 0x84, 0x2,
    0x13, 0xf, 0xc2, 0x21, 0x0, 0xfc, 0x22, 0x10,
    0x88, 0x46, 0xff, 0xd0, 0x0, 0x43, 0x33, 0x30,
    0x30, 0x80, 0x40,

    /* U+6DCB "淋" */
    0x2, 0x10, 0xc4, 0x20, 0xc8, 0x40, 0x7f, 0xec,
    0x21, 0xc, 0x67, 0x9, 0xce, 0x3, 0x5c, 0xa,
    0xd4, 0x54, 0xa8, 0x89, 0x59, 0x14, 0x84, 0x21,
    0x8, 0x42, 0x10, 0x84, 0x0,

    /* U+6DF1 "深" */
    0x67, 0xfc, 0x68, 0x8, 0x52, 0x90, 0x8, 0x86,
    0x20, 0x86, 0x9, 0x0, 0x10, 0x3, 0xfe, 0x11,
    0x60, 0x62, 0xa0, 0x89, 0x23, 0x22, 0x64, 0x84,
    0x48, 0x8, 0x0,

    /* U+6E23 "渣" */
    0x0, 0xc1, 0x83, 0x2, 0xff, 0xc0, 0x78, 0xc2,
    0xd1, 0xb3, 0x32, 0x3f, 0x80, 0x82, 0x13, 0xf8,
    0xc8, 0x22, 0x20, 0x88, 0xfe, 0x40, 0x1, 0x3f,
    0xf0,

    /* U+6E29 "温" */
    0x63, 0xf8, 0x24, 0x10, 0xf, 0xe2, 0x10, 0x46,
    0x20, 0x86, 0x7f, 0x0, 0x0, 0x3, 0xfe, 0x14,
    0xa4, 0x49, 0x48, 0x92, 0x91, 0x25, 0x24, 0x4a,
    0x49, 0xff, 0xc0,

    /* U+6E7F "湿" */
    0xc7, 0xf8, 0xd0, 0x20, 0x7f, 0xb1, 0x2, 0x44,
    0x8, 0x9f, 0xe0, 0x0, 0x12, 0x51, 0x49, 0x49,
    0x15, 0x64, 0x55, 0x30, 0x50, 0x9f, 0xfc,

    /* U+6EE1 "满" */
    0x41, 0x10, 0xdf, 0xfc, 0x84, 0x40, 0x0, 0xc,
    0xff, 0xec, 0x22, 0xc, 0x44, 0x3, 0xfe, 0x5,
    0x14, 0x6b, 0x68, 0x95, 0xb1, 0x39, 0x64, 0x66,
    0x48, 0x88, 0xb1, 0x3, 0x0,

    /* U+707F "灿" */
    0x10, 0x20, 0x40, 0x81, 0x2, 0x5, 0x8, 0x5d,
    0x25, 0x64, 0x95, 0x12, 0x54, 0x49, 0x11, 0x24,
    0x64, 0x93, 0xd2, 0x49, 0x49, 0x61, 0xfd, 0x4,
    0x14, 0x10, 0x40,

    /* U+7092 "炒" */
    0x10, 0x20, 0x20, 0x40, 0x52, 0xa2, 0xad, 0x25,
    0x92, 0x4a, 0x24, 0x54, 0x48, 0xc9, 0x12, 0x10,
    0x2c, 0x30, 0x10, 0x90, 0x41, 0x21, 0x86, 0xc,
    0x8, 0xe0, 0x0, 0x0, 0x0,

    /* U+70B9 "点" */
    0x2, 0x0, 0x8, 0x0, 0x3f, 0x80, 0x80, 0x2,
    0x0, 0xff, 0xc2, 0x1, 0x8, 0x4, 0x20, 0x10,
    0xff, 0xc0, 0x0, 0xa, 0x64, 0x4c, 0x8b, 0x12,
    0x38, 0x4c, 0x0,

    /* U+70ED "热" */
    0x20, 0x80, 0x82, 0xf, 0xbf, 0x8, 0x24, 0x20,
    0x90, 0xee, 0x4e, 0x19, 0x8, 0x75, 0x23, 0x17,
    0x98, 0x30, 0x1, 0x12, 0x24, 0x4c, 0x8a, 0x31,
    0x20,

    /* U+7167 "照" */
    0xf7, 0xf4, 0x84, 0xa4, 0x45, 0x2c, 0xef, 0x40,
    0x49, 0xfa, 0x48, 0x52, 0x42, 0xf3, 0xf0, 0x0,
    0x14, 0x4d, 0x33, 0x28, 0x89, 0xc0, 0x0,

    /* U+716E "煮" */
    0x2, 0x1, 0xff, 0x60, 0x23, 0x0, 0x98, 0xff,
    0xfc, 0x1c, 0x3, 0xff, 0x34, 0x4, 0x1f, 0xf0,
    0x40, 0x41, 0xff, 0x0, 0x0, 0x48, 0x9b, 0x12,
    0x38, 0x44, 0x0,

    /* U+719F "熟" */
    0x10, 0x41, 0xfc, 0x81, 0xf7, 0xe2, 0x22, 0x47,
    0xc4, 0x80, 0x29, 0x1f, 0x72, 0xc, 0x64, 0xfe,
    0xea, 0x22, 0x4c, 0xc8, 0x1, 0x4, 0xc6, 0x48,
    0xd8, 0x90, 0x80, 0x0, 0x0,

    /* U+7231 "爱" */
    0x0, 0x17, 0xff, 0x8, 0x88, 0x44, 0x4f, 0xff,
    0xc4, 0x6, 0x20, 0x2f, 0xfe, 0x18, 0x0, 0xff,
    0xe, 0x18, 0x4d, 0x84, 0x38, 0x4f, 0x78, 0x40,
    0x20,

    /* U+7247 "片" */
    0x20, 0x80, 0x82, 0x2, 0x8, 0x8, 0x20, 0x3f,
    0xfc, 0x80, 0x2, 0x0, 0x8, 0x0, 0x3f, 0xc0,
    0x81, 0x6, 0x4, 0x10, 0x10, 0x40, 0x42, 0x1,
    0x8, 0x4, 0x0,

    /* U+725B "牛" */
    0x1, 0x0, 0xc4, 0x2, 0x10, 0x1f, 0xfe, 0x41,
    0x3, 0x4, 0x8, 0x10, 0x0, 0x40, 0xff, 0xfc,
    0x4, 0x0, 0x10, 0x0, 0x40, 0x1, 0x0, 0x4,
    0x0, 0x10, 0x0,

    /* U+7269 "物" */
    0x11, 0x1, 0x44, 0x5, 0x3f, 0xde, 0xa5, 0x56,
    0x96, 0x52, 0xd1, 0x1a, 0x44, 0x49, 0x19, 0x25,
    0xc9, 0x9d, 0x64, 0x44, 0x31, 0x10, 0x84, 0x44,
    0x31, 0x3, 0x80,

    /* U+7279 "特" */
    0x10, 0x20, 0xa0, 0x41, 0x47, 0xf2, 0x81, 0x7,
    0x82, 0xa, 0x7f, 0xe4, 0x0, 0x8, 0x4, 0x1b,
    0xfe, 0xe0, 0x13, 0x44, 0x20, 0x84, 0x41, 0x8,
    0x82, 0x1, 0x4, 0x1e, 0x0,

    /* U+72B6 "状" */
    0x8, 0x40, 0x10, 0x91, 0x21, 0x13, 0x42, 0x2,
    0xbf, 0xc5, 0x8, 0x2, 0x18, 0x4, 0x30, 0x18,
    0xe0, 0x51, 0x21, 0xa2, 0x44, 0x48, 0xc0, 0x90,
    0x81, 0x40, 0x82, 0x81, 0x0,

    /* U+73AF "环" */
    0xfb, 0xfc, 0x81, 0x2, 0x4, 0x8, 0x10, 0x20,
    0xe3, 0xe7, 0x42, 0x15, 0x88, 0x92, 0x24, 0x44,
    0xa1, 0x7, 0x4, 0x20, 0x10, 0x0, 0x40, 0x1,
    0x0,

    /* U+74DC "瓜" */
    0x0, 0x70, 0xff, 0x82, 0x22, 0x8, 0x88, 0x22,
    0x20, 0x88, 0x82, 0x22, 0x8, 0x84, 0x22, 0x10,
    0x8a, 0x44, 0x25, 0x90, 0x92, 0xc3, 0xca, 0x8,
    0x90,

    /* U+74E3 "瓣" */
    0x40, 0x8, 0x9f, 0x93, 0xea, 0xf8, 0x54, 0x29,
    0xa9, 0x4d, 0x52, 0xbe, 0xaf, 0xa5, 0x44, 0x4a,
    0x49, 0xf4, 0xbd, 0x29, 0x22, 0x56, 0x44, 0xaa,
    0x99, 0x75, 0x24, 0x2a, 0x0,

    /* U+751A "甚" */
    0x10, 0x23, 0xff, 0xf1, 0x2, 0x4, 0x8, 0x1f,
    0xe0, 0x40, 0x81, 0xfe, 0x4, 0x8, 0xff, 0xfc,
    0x81, 0x2, 0x66, 0xb, 0xc, 0x20, 0x0, 0xff,
    0xe0,

    /* U+751F "生" */
    0x11, 0x0, 0xc4, 0x2, 0x10, 0xf, 0xfe, 0x61,
    0x1, 0x4, 0x8, 0x10, 0x20, 0x40, 0x3f, 0xf8,
    0x4, 0x0, 0x10, 0x0, 0x40, 0x1, 0x3, 0xff,
    0xf0,

    /* U+7528 "用" */
    0x3f, 0xfc, 0x84, 0x12, 0x10, 0x4f, 0xff, 0x21,
    0x4, 0x84, 0x12, 0x10, 0x4f, 0xff, 0x21, 0x4,
    0x84, 0x12, 0x10, 0x50, 0x41, 0x41, 0x7, 0x4,
    0xf0,

    /* U+7530 "田" */
    0xff, 0xfc, 0x10, 0x60, 0x83, 0x4, 0x18, 0x20,
    0xff, 0xfe, 0x8, 0x30, 0x41, 0x82, 0xc, 0x10,
    0x60, 0x83, 0xff, 0xf8, 0x0, 0xc0, 0x4,

    /* U+753B "画" */
    0xff, 0xfc, 0x0, 0x0, 0x0, 0x7, 0xf8, 0x51,
    0x29, 0x44, 0xa5, 0xfe, 0x94, 0x4a, 0x51, 0x29,
    0x7f, 0xa4, 0x0, 0x90, 0x2, 0x7f, 0xf9, 0x0,
    0x20,

    /* U+767D "白" */
    0x8, 0x1, 0x80, 0x20, 0x7f, 0xf8, 0x3, 0x0,
    0x60, 0xf, 0xff, 0x80, 0x30, 0x6, 0x0, 0xc0,
    0x1f, 0xff, 0x0, 0x60, 0x8,

    /* U+7684 "的" */
    0x20, 0x81, 0xc, 0x8, 0x41, 0xf3, 0xf8, 0xa0,
    0xc5, 0x6, 0x24, 0x3f, 0x31, 0x88, 0x8c, 0x42,
    0x62, 0x13, 0x10, 0x1f, 0x80, 0xc4, 0x4, 0x1,
    0xc0,

    /* U+76D0 "盐" */
    0x10, 0xc0, 0x43, 0x1, 0xc, 0x1f, 0xb0, 0x10,
    0xf0, 0x43, 0x31, 0xec, 0x1c, 0x30, 0x0, 0x0,
    0xff, 0xc2, 0x49, 0x9, 0x24, 0x24, 0x93, 0xff,
    0xf0,

    /* U+76D8 "盘" */
    0x2, 0x0, 0x7f, 0xc1, 0x3, 0x4, 0xcc, 0x11,
    0x33, 0xff, 0xf1, 0x43, 0x8, 0xcc, 0x61, 0x60,
    0x0, 0x3, 0xff, 0x9, 0x24, 0x24, 0x93, 0xff,
    0xf0,

    /* U+76F4 "直" */
    0x0, 0x0, 0xc, 0xf, 0xff, 0xc0, 0x80, 0x2,
    0x0, 0xff, 0xc2, 0x1, 0xf, 0xfc, 0x20, 0x10,
    0xff, 0xc2, 0x1, 0x8, 0x4, 0x3f, 0xf0, 0x80,
    0x42, 0x1, 0x3f, 0xff,

    /* U+770B "看" */
    0x0, 0x39, 0xff, 0x0, 0x20, 0x1f, 0xfe, 0x4,
    0x3, 0xff, 0xf1, 0x80, 0xf, 0xfc, 0x70, 0x13,
    0x7f, 0xc9, 0x1, 0x7, 0xfc, 0x10, 0x10, 0x7f,
    0xc1, 0x1, 0x0,

    /* U+773C "眼" */
    0xfb, 0xfa, 0x28, 0x28, 0xbf, 0xbe, 0x82, 0x8a,
    0xa, 0x2f, 0xe8, 0xbf, 0xbe, 0x90, 0x8a, 0x6e,
    0x28, 0xcf, 0xa1, 0x22, 0xb6, 0x8b, 0x8c, 0x0,
    0x0,

    /* U+7740 "着" */
    0x8, 0x0, 0x21, 0x7, 0xff, 0x80, 0x80, 0x3f,
    0xf8, 0x10, 0xf, 0xff, 0xc2, 0x0, 0x1f, 0xf1,
    0xc0, 0x4d, 0xff, 0x4, 0x4, 0x1f, 0xf0, 0x40,
    0x41, 0xff, 0x4, 0x4,

    /* U+786C "硬" */
    0x7d, 0xfc, 0x20, 0x40, 0x87, 0xf1, 0x9, 0x22,
    0x12, 0x4f, 0xbf, 0x99, 0x49, 0x12, 0xfe, 0x24,
    0x20, 0x4a, 0x40, 0x93, 0x1, 0xe2, 0x2, 0x1b,
    0x0, 0x61, 0xc0,

    /* U+78B1 "碱" */
    0x0, 0x14, 0xf8, 0x28, 0xcf, 0xf9, 0x10, 0x82,
    0x21, 0x4, 0x5a, 0x5e, 0x85, 0x35, 0x6a, 0xea,
    0xd4, 0x55, 0xb8, 0xab, 0x69, 0x56, 0xd3, 0xa1,
    0xa4, 0x45, 0xc0, 0x89, 0x0,

    /* U+798F "福" */
    0x20, 0x0, 0x9f, 0xf2, 0x0, 0x3e, 0xfe, 0x1a,
    0x8, 0x4f, 0xe2, 0x0, 0x1f, 0xff, 0xac, 0x44,
    0x91, 0x12, 0x7f, 0xc9, 0x11, 0x24, 0x44, 0x9f,
    0xf2, 0x40, 0x40,

    /* U+79C6 "秆" */
    0x4, 0x0, 0xfb, 0xf8, 0x40, 0x80, 0x81, 0xf,
    0xc2, 0x6, 0x4, 0xc, 0xff, 0xac, 0x10, 0x54,
    0x21, 0x20, 0x42, 0x40, 0x80, 0x81, 0x1, 0x2,
    0x2, 0x4, 0x4, 0x8, 0x0,

    /* U+79CB "秋" */
    0x6, 0x10, 0x7c, 0x10, 0x8, 0x92, 0x8, 0x92,
    0x7e, 0x92, 0x18, 0x96, 0x18, 0x94, 0x2c, 0x90,
    0x2a, 0x30, 0x48, 0x28, 0x48, 0x28, 0x8, 0x44,
    0x8, 0xc4, 0x9, 0x82, 0x9, 0x2,

    /* U+79CD "种" */
    0xc, 0x23, 0xc0, 0x81, 0x2, 0x4, 0x7f, 0xfd,
    0x24, 0xc4, 0x93, 0x12, 0x56, 0x49, 0x55, 0xff,
    0x44, 0x99, 0x2, 0x4, 0x8, 0x10, 0x20, 0x40,
    0x81, 0x2, 0x0,

    /* U+79D8 "秘" */
    0x8, 0x83, 0xc1, 0x22, 0x2, 0x88, 0x26, 0xfa,
    0x90, 0x8a, 0x63, 0x2a, 0xda, 0xa9, 0x64, 0xc6,
    0x93, 0x1a, 0x8, 0x88, 0x62, 0x26, 0x88, 0x93,
    0xe2, 0x0, 0x0,

    /* U+79F0 "称" */
    0x18, 0x83, 0x84, 0x2, 0x1f, 0xc8, 0xc3, 0xfa,
    0x8, 0x81, 0x23, 0x4, 0x1e, 0x56, 0x6a, 0x4a,
    0x89, 0x2a, 0x24, 0xc9, 0x91, 0x24, 0x44, 0x81,
    0x2, 0x1c, 0x0,

    /* U+7A0D "稍" */
    0x18, 0x4f, 0x12, 0x48, 0xd6, 0x40, 0x8f, 0xbf,
    0x91, 0x5, 0xc8, 0x2e, 0x7f, 0x6a, 0xd, 0x10,
    0x68, 0xfe, 0x44, 0x12, 0x20, 0x91, 0x4, 0x88,
    0xe0,

    /* U+7AF9 "竹" */
    0x10, 0x40, 0x41, 0x80, 0x82, 0x3, 0xf7, 0xf5,
    0x11, 0x12, 0x62, 0x4, 0x4, 0x8, 0x8, 0x10,
    0x10, 0x20, 0x20, 0x40, 0x40, 0x80, 0x81, 0x1,
    0x2, 0x2, 0x4, 0x1c, 0x0,

    /* U+7AFF "竿" */
    0x0, 0x0, 0x40, 0x80, 0xfb, 0xfb, 0x44, 0x8c,
    0x58, 0x80, 0x0, 0xf, 0xfe, 0x0, 0x80, 0x1,
    0x0, 0x2, 0x1, 0xff, 0xf0, 0x8, 0x0, 0x10,
    0x0, 0x20, 0x0, 0x40, 0x0, 0x80,

    /* U+7B2C "第" */
    0x20, 0x41, 0xfb, 0xf4, 0x89, 0x0, 0x4, 0x3f,
    0xf8, 0x4, 0x20, 0x10, 0x8f, 0xfe, 0x21, 0x1,
    0xff, 0xf0, 0x70, 0xc3, 0x42, 0x19, 0xb, 0x84,
    0xe0, 0x10, 0x0,

    /* U+7B49 "等" */
    0x20, 0x81, 0xfb, 0xf5, 0x12, 0x22, 0xc4, 0x3,
    0x0, 0xff, 0xc0, 0x30, 0x3f, 0xff, 0x0, 0x20,
    0x0, 0x87, 0xff, 0x80, 0x8, 0x10, 0x20, 0x20,
    0x80, 0x1e, 0x0,

    /* U+7BA1 "管" */
    0x40, 0x83, 0xe7, 0xe4, 0x49, 0x24, 0x4f, 0xff,
    0xc0, 0x6, 0xff, 0xa4, 0x4, 0x3f, 0xe1, 0x0,
    0xf, 0xfc, 0x40, 0x22, 0x1, 0x1f, 0xf8, 0x80,
    0x40,

    /* U+7C73 "米" */
    0x3, 0x0, 0x46, 0x30, 0x8c, 0x40, 0x99, 0x81,
    0x36, 0x0, 0x60, 0x3f, 0xff, 0x3, 0xc0, 0xf,
    0xc0, 0x16, 0x80, 0x4c, 0x83, 0x18, 0xcc, 0x30,
    0xd0, 0x60, 0x80, 0xc0, 0x0,

    /* U+7C7B "类" */
    0x23, 0x10, 0x4c, 0xc1, 0x30, 0x3f, 0xff, 0x7,
    0x0, 0x6f, 0x86, 0x31, 0xa0, 0x0, 0x2, 0x3,
    0xff, 0xf0, 0x70, 0x3, 0x30, 0x38, 0x73, 0x80,
    0x70,

    /* U+7C7D "籽" */
    0x10, 0x0, 0x57, 0xe9, 0x41, 0xa5, 0x4, 0x58,
    0x20, 0x40, 0x8f, 0xc2, 0xc, 0xff, 0x38, 0x21,
    0x70, 0x85, 0x42, 0x24, 0x8, 0x90, 0x20, 0x40,
    0x81, 0xc, 0x0,

    /* U+7CD5 "糕" */
    0x21, 0x10, 0xa4, 0x4a, 0x8a, 0x2a, 0xff, 0xa8,
    0x40, 0x81, 0xf, 0xbf, 0x88, 0x10, 0x70, 0x41,
    0xbf, 0xfa, 0x80, 0x28, 0xaa, 0x26, 0xa8, 0x92,
    0x92, 0x4a, 0x0,

    /* U+7CFB "系" */
    0x0, 0x39, 0xff, 0x80, 0x20, 0x1, 0x18, 0x18,
    0xc0, 0xfc, 0x0, 0x22, 0x3, 0x4, 0x3f, 0xe8,
    0x4, 0x30, 0x92, 0x6, 0x4c, 0x31, 0x19, 0x84,
    0x30, 0x70, 0x40,

    /* U+7ECF "经" */
    0x20, 0x0, 0x8f, 0xe6, 0x1, 0x12, 0x8, 0x98,
    0x63, 0xc6, 0x62, 0x60, 0xc8, 0x0, 0x5b, 0xfb,
    0xc1, 0x0, 0x4, 0x2, 0x10, 0x70, 0x42, 0x1f,
    0xf0,

    /* U+7ED3 "结" */
    0x10, 0x20, 0x20, 0x40, 0x8f, 0xf9, 0x21, 0x4,
    0x82, 0xf, 0x3f, 0xc4, 0x0, 0x18, 0x0, 0x25,
    0xfc, 0xf2, 0x8, 0x4, 0x10, 0x8, 0x21, 0xd0,
    0x4e, 0x3f, 0x80, 0x41, 0x0,

    /* U+7F57 "罗" */
    0x7f, 0xfa, 0x22, 0x51, 0x12, 0xff, 0xf0, 0x40,
    0x2, 0x0, 0x3f, 0xc3, 0x2, 0x64, 0x22, 0x31,
    0x0, 0x70, 0x6, 0x3, 0xc0, 0x20, 0x0,

    /* U+7F8A "羊" */
    0x10, 0x20, 0x21, 0x80, 0xc4, 0x1f, 0xfe, 0x3,
    0x0, 0xc, 0x3, 0xff, 0x0, 0xc0, 0x3, 0x0,
    0xc, 0xf, 0xff, 0xc0, 0xc0, 0x3, 0x0, 0xc,
    0x0, 0x30, 0x0,

    /* U+8010 "耐" */
    0x0, 0xb, 0xfc, 0x21, 0x0, 0x84, 0x3f, 0xff,
    0xa, 0xa4, 0x2a, 0x9c, 0xaa, 0x52, 0xa9, 0x4a,
    0xa4, 0xaa, 0x90, 0xaa, 0x42, 0xa9, 0xa, 0xa4,
    0x28, 0x63, 0x80,

    /* U+80A5 "肥" */
    0x79, 0xfc, 0x92, 0x49, 0x24, 0x93, 0xc9, 0x24,
    0x92, 0x49, 0x24, 0x92, 0x7f, 0x3c, 0x80, 0x49,
    0x0, 0x92, 0x1, 0x24, 0xa, 0x48, 0x18, 0x90,
    0x77, 0x3f, 0x80,

    /* U+80AA "肪" */
    0x0, 0x41, 0xe1, 0x4, 0x82, 0x12, 0xf6, 0x78,
    0x81, 0x22, 0x4, 0x8f, 0x92, 0x22, 0x78, 0x89,
    0x22, 0x24, 0x90, 0x92, 0x42, 0x49, 0xa, 0x28,
    0x2b, 0xa7, 0x0,

    /* U+80FD "能" */
    0x10, 0x80, 0xd2, 0x2, 0x4f, 0xd0, 0xa0, 0xff,
    0x84, 0x2, 0x17, 0xef, 0x90, 0x80, 0x7e, 0x81,
    0xb, 0xf4, 0x2e, 0x1f, 0xa0, 0x42, 0x85, 0xa,
    0x14, 0xef, 0x80,

    /* U+8102 "脂" */
    0x1, 0x0, 0xf2, 0x39, 0x27, 0x82, 0x48, 0x27,
    0x9f, 0xc9, 0x0, 0x12, 0x0, 0x24, 0xfe, 0x79,
    0x4, 0x92, 0x9, 0x27, 0xf2, 0x48, 0x24, 0x90,
    0x51, 0x3f, 0xa6, 0x41, 0x0,

    /* U+81F3 "至" */
    0xff, 0xfc, 0x30, 0x0, 0x84, 0x4, 0x8, 0x20,
    0x71, 0xfe, 0x60, 0x30, 0x0, 0xc0, 0x7f, 0xf8,
    0xc, 0x0, 0x30, 0x0, 0xc0, 0xff, 0xfc,

    /* U+820C "舌" */
    0x0, 0x19, 0xff, 0xe0, 0x30, 0x0, 0xc0, 0xff,
    0xfc, 0xc, 0x0, 0x30, 0x0, 0xc0, 0x3f, 0xf0,
    0x80, 0x42, 0x1, 0x8, 0x4, 0x20, 0x10, 0xff,
    0xc2, 0x1, 0x0,

    /* U+8272 "色" */
    0x0, 0x0, 0x30, 0x0, 0xfe, 0x4, 0x18, 0x20,
    0x41, 0x83, 0xf, 0xff, 0x88, 0x42, 0x21, 0x8,
    0xff, 0xe2, 0x0, 0x8, 0x0, 0x20, 0x4, 0x80,
    0x12, 0x0, 0x4f, 0xfe,

    /* U+8282 "节" */
    0x8, 0x40, 0x21, 0xf, 0xff, 0xc2, 0x10, 0x8,
    0x41, 0xff, 0xe0, 0x41, 0x81, 0x6, 0x4, 0x18,
    0x10, 0x60, 0x41, 0x1, 0x1c, 0x4, 0x0, 0x10,
    0x0, 0x40, 0x0,

    /* U+8292 "芒" */
    0x8, 0x40, 0x21, 0xf, 0xff, 0xc2, 0x10, 0x2,
    0x0, 0x4, 0xf, 0xff, 0xc8, 0x0, 0x20, 0x0,
    0x80, 0x2, 0x0, 0x8, 0x0, 0x20, 0x0, 0xff,
    0xe0,

    /* U+82B1 "花" */
    0x18, 0x63, 0xff, 0xf1, 0x86, 0x0, 0x0, 0x0,
    0x0, 0x62, 0x1, 0x8, 0xcc, 0x26, 0x70, 0xb3,
    0xc3, 0xb, 0x38, 0xd, 0x21, 0x30, 0x84, 0xc2,
    0x13, 0xf, 0xc0,

    /* U+82BD "芽" */
    0x8, 0x43, 0xff, 0xf0, 0x84, 0x0, 0x0, 0x7f,
    0xf8, 0x1, 0x2, 0x4, 0x8, 0x10, 0x7f, 0xfc,
    0x7, 0x0, 0x34, 0x1, 0x90, 0x18, 0x41, 0xc1,
    0x4, 0x3c, 0x0,

    /* U+82D7 "苗" */
    0x8, 0x40, 0x21, 0xf, 0xff, 0xc2, 0x10, 0x0,
    0x1, 0xff, 0xe4, 0x10, 0x90, 0x42, 0x7f, 0xf9,
    0x4, 0x24, 0x10, 0x90, 0x42, 0x7f, 0xf9, 0x0,
    0x24, 0x0, 0x80,

    /* U+830E "茎" */
    0x8, 0x43, 0xff, 0xf0, 0x84, 0x0, 0x0, 0x7f,
    0xf0, 0x1, 0x80, 0x1c, 0x1, 0xf0, 0xf8, 0x3e,
    0x0, 0x13, 0xff, 0x0, 0xc0, 0x3, 0x0, 0xc,
    0xf, 0xff, 0xc0,

    /* U+8338 "茸" */
    0x8, 0x43, 0xff, 0xf0, 0x84, 0x0, 0x0, 0x7f,
    0xf8, 0x40, 0x81, 0xfe, 0x4, 0x8, 0x10, 0x20,
    0x7f, 0x81, 0x2, 0x4, 0xf, 0xff, 0xe0, 0x0,
    0x80, 0x2, 0x0,

    /* U+8352 "荒" */
    0x8, 0x43, 0xff, 0xf0, 0x84, 0x0, 0xc0, 0xff,
    0xfc, 0x80, 0x2, 0x0, 0xf, 0xfe, 0x0, 0x0,
    0x0, 0x1, 0x22, 0x4, 0x88, 0x32, 0x24, 0x88,
    0x9c, 0x23, 0xc0,

    /* U+836F "药" */
    0x8, 0x43, 0xff, 0xf0, 0x84, 0x4, 0x20, 0x20,
    0x80, 0x97, 0xe4, 0x90, 0xbe, 0x82, 0x12, 0x88,
    0x82, 0x25, 0xc4, 0x98, 0x12, 0x0, 0x8, 0xf0,
    0x26, 0x7, 0x0,

    /* U+83B7 "获" */
    0x8, 0x43, 0xff, 0xf0, 0x84, 0x0, 0x0, 0x48,
    0x58, 0xe1, 0x23, 0x4, 0x3c, 0xff, 0x98, 0x40,
    0x61, 0x86, 0x8a, 0x32, 0x2c, 0x9, 0x10, 0x6c,
    0x27, 0x20, 0x40,

    /* U+83DC "菜" */
    0x8, 0x43, 0xff, 0xf0, 0x84, 0x0, 0xe, 0x7f,
    0xe0, 0x0, 0x42, 0x21, 0xc, 0xcc, 0x10, 0x23,
    0xff, 0xf0, 0x78, 0x2, 0xd0, 0x33, 0x33, 0x8c,
    0x78, 0x30, 0x40,

    /* U+8475 "葵" */
    0x8, 0x43, 0xff, 0xf0, 0x84, 0x0, 0x4, 0x7e,
    0xb1, 0x11, 0x32, 0x83, 0x1f, 0xfe, 0xc1, 0x4,
    0x4, 0x7, 0xff, 0x80, 0x80, 0x4, 0xe0, 0xe0,
    0xe4, 0x0, 0x80,

    /* U+84B2 "蒲" */
    0x8, 0x43, 0xff, 0xf0, 0x84, 0x30, 0x6, 0x6f,
    0xfc, 0x2, 0xc, 0xff, 0x9b, 0x22, 0x2c, 0x88,
    0x3f, 0xe2, 0xc8, 0x9b, 0xfe, 0x4c, 0x89, 0x32,
    0x28, 0xcb, 0x80,

    /* U+84B8 "蒸" */
    0x8, 0x63, 0xff, 0xf0, 0x86, 0xf, 0xf8, 0x0,
    0xc3, 0xe6, 0x60, 0x97, 0x4, 0x4c, 0x67, 0x1b,
    0x0, 0x13, 0xff, 0x0, 0x2, 0x4c, 0x8b, 0x11,
    0x10, 0x0, 0x0,

    /* U+854A "蕊" */
    0x8, 0x43, 0xff, 0xf0, 0x84, 0x0, 0x80, 0x2b,
    0x31, 0xa5, 0x64, 0x84, 0x83, 0xf0, 0x30, 0x20,
    0x40, 0x82, 0x45, 0x29, 0xd2, 0xa1, 0x56, 0x95,
    0x5b, 0x97, 0x0,

    /* U+8702 "蜂" */
    0x20, 0x80, 0x87, 0xef, 0xb1, 0xab, 0x2c, 0xa8,
    0x62, 0xa7, 0xea, 0xe0, 0xea, 0xfe, 0xf8, 0x40,
    0x8f, 0xe2, 0x84, 0xa, 0x10, 0x3b, 0xff, 0xe1,
    0x0, 0x4, 0x0,

    /* U+871C "蜜" */
    0x1, 0x1, 0xff, 0xe4, 0x30, 0x95, 0x5a, 0x34,
    0x91, 0x94, 0xa0, 0xfe, 0x3c, 0x40, 0x3f, 0xf0,
    0xc4, 0x43, 0x11, 0xf, 0xfc, 0x1, 0x11, 0xff,
    0xa0, 0x0, 0x0,

    /* U+8721 "蜡" */
    0x10, 0x48, 0x23, 0xfd, 0xf1, 0x22, 0xa2, 0x45,
    0x44, 0x8a, 0xbf, 0xd5, 0x0, 0x2a, 0x7e, 0x7c,
    0xfc, 0x21, 0x8, 0x53, 0xf0, 0xa4, 0x21, 0xc8,
    0x4e, 0xdf, 0x80, 0xa1, 0x0,

    /* U+8840 "血" */
    0x2, 0x0, 0x18, 0x7, 0xff, 0x91, 0x22, 0x44,
    0x89, 0x12, 0x24, 0x48, 0x91, 0x22, 0x44, 0x89,
    0x12, 0x24, 0x48, 0x91, 0x22, 0xff, 0xfc,

    /* U+8868 "表" */
    0x3, 0x1, 0xff, 0xe0, 0x30, 0x0, 0xc0, 0x3f,
    0xf0, 0xc, 0xf, 0xff, 0xc1, 0x40, 0x18, 0x88,
    0xc3, 0xcd, 0x4, 0x4, 0x4c, 0x17, 0x18, 0x60,
    0x30,

    /* U+897F "西" */
    0xff, 0xfc, 0x12, 0x0, 0x48, 0x1f, 0xfe, 0x44,
    0x89, 0x12, 0x24, 0xc8, 0x92, 0x22, 0x58, 0xf9,
    0x40, 0x24, 0x0, 0x90, 0x2, 0x7f, 0xf9, 0x0,
    0x20,

    /* U+89C2 "观" */
    0xfb, 0xf8, 0x28, 0x20, 0xa0, 0x82, 0x9a, 0xca,
    0x69, 0xa9, 0xa3, 0x26, 0x84, 0x9a, 0x1a, 0x68,
    0xa1, 0xc2, 0x4f, 0x10, 0x6d, 0x83, 0x36, 0x38,
    0xf0,

    /* U+8BDA "诚" */
    0x40, 0x30, 0x80, 0xa1, 0x7f, 0xc1, 0x8, 0x4,
    0x23, 0x90, 0xa2, 0x7a, 0x89, 0x2a, 0x24, 0xa8,
    0x92, 0xc2, 0x49, 0xd, 0xcd, 0x28, 0x74, 0xa3,
    0x50, 0x88, 0x80,

    /* U+8BE6 "详" */
    0x42, 0x18, 0x84, 0x41, 0x1b, 0x1, 0xff, 0x0,
    0x43, 0x81, 0x2, 0x3f, 0x88, 0x10, 0x20, 0x40,
    0x81, 0x2, 0x7f, 0xce, 0x10, 0x30, 0x40, 0x81,
    0x0, 0x4, 0x0,

    /* U+8BED "语" */
    0x67, 0xfc, 0x82, 0x0, 0x8, 0x0, 0xfe, 0xe1,
    0x98, 0x84, 0x62, 0xff, 0xc8, 0x0, 0x23, 0xf8,
    0x88, 0x23, 0xa0, 0x8c, 0x82, 0x23, 0xf8, 0x8,
    0x20,

    /* U+8BF4 "说" */
    0x46, 0x11, 0x88, 0x43, 0x12, 0x1, 0xfe, 0x7,
    0xfb, 0x90, 0x22, 0x40, 0x89, 0xfe, 0x21, 0x20,
    0x84, 0x82, 0x92, 0xa, 0x89, 0x32, 0x24, 0x90,
    0x90, 0x83, 0xc0,

    /* U+8C61 "象" */
    0x4, 0x0, 0x3f, 0x83, 0x4, 0x3f, 0xfe, 0x21,
    0x88, 0x84, 0x23, 0xff, 0x81, 0xc0, 0x39, 0x99,
    0xf, 0xc1, 0xcd, 0x18, 0xf4, 0xe, 0x49, 0xe1,
    0x10, 0x38, 0x0,

    /* U+8D28 "质" */
    0x0, 0x3c, 0x7f, 0xc0, 0x81, 0x1, 0x2, 0x3,
    0xff, 0xe4, 0x10, 0x9, 0xfe, 0x12, 0x4, 0x24,
    0x48, 0x49, 0x91, 0x92, 0x22, 0xd, 0x4, 0x71,
    0x9b, 0x80, 0xc0,

    /* U+8D2D "购" */
    0x0, 0x81, 0xf2, 0x4, 0x4f, 0xd5, 0x41, 0x57,
    0x5, 0x51, 0x15, 0x4c, 0x55, 0x29, 0x54, 0xa5,
    0x54, 0x55, 0x5f, 0x44, 0x5, 0x28, 0x5, 0x90,
    0x14, 0x27, 0x80,

    /* U+8D4F "赏" */
    0x22, 0x20, 0x91, 0x3f, 0xff, 0x0, 0x19, 0xfe,
    0x88, 0x10, 0x7f, 0x80, 0x0, 0x3f, 0xf1, 0x0,
    0x88, 0x84, 0x44, 0x20, 0x70, 0x6, 0x73, 0xe0,
    0x60,

    /* U+8D85 "超" */
    0x10, 0x0, 0x47, 0xef, 0xc4, 0x84, 0x22, 0x10,
    0x88, 0x46, 0x2f, 0xd3, 0x84, 0x0, 0x51, 0xf9,
    0x74, 0x2d, 0x10, 0xbc, 0x7e, 0xb0, 0x2, 0x60,
    0x8, 0x7f, 0xc0,

    /* U+8DD1 "跑" */
    0x0, 0x80, 0xf1, 0x1, 0x27, 0xf2, 0x48, 0x24,
    0xa0, 0x4f, 0xfc, 0x84, 0x49, 0x8, 0x92, 0x5d,
    0x24, 0xbb, 0xc9, 0x44, 0x62, 0x88, 0x15, 0xd0,
    0x3c, 0x3f, 0x80,

    /* U+8DDF "跟" */
    0x7d, 0xfc, 0x8a, 0x9, 0x14, 0x12, 0x2f, 0xe7,
    0xd0, 0x42, 0x20, 0x94, 0x7e, 0x2e, 0x91, 0x51,
    0x34, 0xa2, 0x31, 0x54, 0x23, 0xeb, 0x6e, 0x18,
    0x20,

    /* U+8E2A "踪" */
    0x0, 0x40, 0xf0, 0x41, 0x27, 0xfa, 0x48, 0x14,
    0x90, 0x2f, 0x1f, 0x84, 0x0, 0x28, 0xff, 0x5c,
    0x20, 0xa1, 0x59, 0x42, 0x92, 0x8d, 0x35, 0x92,
    0x2f, 0x64, 0x70, 0x18, 0x0,

    /* U+8EAB "身" */
    0x6, 0x0, 0xff, 0x82, 0x2, 0x8, 0x8, 0x3f,
    0xe0, 0x80, 0x83, 0xfe, 0x88, 0xa, 0x20, 0x33,
    0xff, 0x80, 0x6, 0x0, 0x68, 0x7, 0x21, 0xe0,
    0x84, 0xe, 0x0,

    /* U+8F6C "转" */
    0x20, 0x40, 0x81, 0xf, 0xff, 0xd8, 0x10, 0x40,
    0xc1, 0x4f, 0xfd, 0x8, 0x3f, 0x20, 0x11, 0xfc,
    0x40, 0x27, 0xc1, 0xbc, 0x74, 0x10, 0x60, 0x40,
    0xe1, 0x0, 0x80,

    /* U+8FBE "达" */
    0x0, 0x83, 0x2, 0x6, 0x8, 0x8, 0x20, 0xf,
    0xf8, 0x6, 0xe, 0x14, 0x8, 0x50, 0x23, 0x20,
    0x88, 0xc2, 0x41, 0x8a, 0x2, 0x70, 0x3, 0x60,
    0x8, 0x7f, 0xc0,

    /* U+8FC7 "过" */
    0x0, 0x13, 0x0, 0x46, 0x1, 0x9, 0xff, 0x0,
    0x10, 0x0, 0x4e, 0x21, 0x8, 0x44, 0x20, 0x90,
    0x80, 0x42, 0x1, 0x8, 0x3c, 0x70, 0x3, 0x60,
    0x8, 0x7f, 0xc0,

    /* U+8FD8 "还" */
    0x0, 0x3, 0x3f, 0xe6, 0x8, 0x8, 0x20, 0x1,
    0x80, 0xe, 0x8e, 0x29, 0x9, 0x26, 0x38, 0x88,
    0x82, 0x2, 0x8, 0x8, 0x20, 0x60, 0x83, 0x40,
    0x8, 0xff, 0x80,

    /* U+8FD9 "这" */
    0x81, 0x83, 0x4, 0xb, 0xfe, 0x0, 0x40, 0x2,
    0x3, 0x13, 0x8d, 0x84, 0x38, 0x20, 0xc1, 0xf,
    0x8, 0xcc, 0x5c, 0x36, 0x80, 0x68, 0x2, 0x3f,
    0xe0,

    /* U+8FFD "追" */
    0x0, 0x81, 0x81, 0x0, 0x9f, 0xe0, 0x20, 0x40,
    0x40, 0x80, 0xff, 0x39, 0x0, 0x13, 0xfc, 0x24,
    0x8, 0x48, 0x10, 0x90, 0x21, 0x3f, 0xc5, 0x0,
    0x19, 0x0, 0x21, 0xff, 0x0,

    /* U+9001 "送" */
    0x2, 0x19, 0x4, 0x42, 0x19, 0x0, 0xfe, 0x0,
    0x43, 0x81, 0x2, 0x7f, 0xc8, 0x30, 0x20, 0xa0,
    0x86, 0x42, 0x30, 0x89, 0x81, 0x50, 0x3, 0x20,
    0x8, 0x7f, 0xc0,

    /* U+9002 "适" */
    0xc0, 0x19, 0x9f, 0x83, 0x4, 0x0, 0x10, 0x7,
    0xff, 0x81, 0x2, 0x4, 0x8, 0xfe, 0x22, 0x8,
    0x88, 0x22, 0x20, 0x88, 0xfe, 0x50, 0x3, 0x60,
    0x8, 0x7f, 0xc0,

    /* U+90A6 "邦" */
    0x18, 0x0, 0x61, 0xff, 0xf4, 0x46, 0x12, 0x18,
    0x4b, 0xfd, 0x41, 0x84, 0x86, 0x12, 0x18, 0x47,
    0xfd, 0x11, 0x4, 0x4c, 0x11, 0x20, 0x59, 0x81,
    0x4, 0x4, 0x0,

    /* U+90FD "都" */
    0x10, 0x0, 0x45, 0xf7, 0xd4, 0x44, 0x92, 0x16,
    0x4b, 0xfd, 0x61, 0x85, 0x9f, 0x92, 0xa2, 0x44,
    0x89, 0x13, 0xe4, 0x48, 0x97, 0x22, 0x40, 0xf9,
    0x2, 0x24, 0x0,

    /* U+9178 "酸" */
    0x0, 0x43, 0xf9, 0x2, 0x88, 0x8a, 0x7f, 0xff,
    0x6, 0xab, 0x6a, 0xba, 0xea, 0x91, 0xae, 0x7b,
    0xa, 0x2f, 0xf5, 0xa0, 0x9c, 0x82, 0x33, 0xfb,
    0x68, 0x10, 0x40,

    /* U+91CC "里" */
    0x7f, 0xf9, 0x8c, 0x66, 0x31, 0x9f, 0xfe, 0x63,
    0x19, 0x8c, 0x67, 0xff, 0x80, 0xc0, 0x3, 0x1,
    0xff, 0xe0, 0x30, 0x0, 0xc0, 0xff, 0xfc,

    /* U+91D1 "金" */
    0x3, 0x0, 0x16, 0x1, 0x86, 0xc, 0xc, 0xdf,
    0xec, 0xc, 0x0, 0x30, 0x0, 0xc0, 0x7f, 0xf8,
    0xc, 0x2, 0x31, 0x4, 0xc8, 0x13, 0x23, 0xff,
    0xf0,

    /* U+957F "长" */
    0x10, 0x10, 0x40, 0xc1, 0x6, 0x4, 0x60, 0x12,
    0x0, 0x40, 0xf, 0xff, 0xc4, 0x20, 0x10, 0x80,
    0x41, 0x1, 0x6, 0x4, 0xc, 0x17, 0x18, 0x70,
    0x10,

    /* U+95F4 "间" */
    0x40, 0x1, 0x1f, 0xcc, 0x3, 0x0, 0x19, 0xf8,
    0xc8, 0x46, 0x42, 0x33, 0xf1, 0x90, 0x8c, 0x84,
    0x64, 0x23, 0x3f, 0x18, 0x0, 0xc0, 0x6, 0x1,
    0xe0,

    /* U+9633 "阳" */
    0xfb, 0xfc, 0x50, 0x64, 0x83, 0x24, 0x19, 0x20,
    0xd1, 0x6, 0x4f, 0xf1, 0x41, 0x8a, 0xc, 0x50,
    0x68, 0x83, 0x7, 0xf8, 0x20, 0xc1, 0x4,

    /* U+9636 "阶" */
    0x0, 0xc3, 0xe3, 0x8, 0x96, 0x24, 0x48, 0x92,
    0x12, 0xd0, 0x6a, 0x52, 0x24, 0x48, 0x89, 0x22,
    0x24, 0x88, 0x92, 0x2c, 0x48, 0x82, 0x22, 0x18,
    0x88, 0x42, 0x0,

    /* U+964D "降" */
    0x0, 0x83, 0xe7, 0xe8, 0xa1, 0x25, 0x4c, 0x91,
    0xe2, 0x43, 0x8a, 0x73, 0xe4, 0x10, 0x8f, 0xfa,
    0x21, 0x8, 0xa4, 0x2c, 0xfe, 0x80, 0x42, 0x1,
    0x8, 0x4, 0x0,

    /* U+96F6 "零" */
    0x3f, 0xf8, 0x2, 0x1, 0xff, 0xf2, 0xeb, 0xa0,
    0x10, 0x3, 0xae, 0x1, 0xb0, 0xc, 0x38, 0xe1,
    0x9e, 0x3f, 0xe0, 0x0, 0x80, 0x76, 0x0, 0x38,
    0x0, 0xc, 0x0,

    /* U+9760 "靠" */
    0x13, 0x0, 0xff, 0xe4, 0x30, 0x3f, 0xff, 0x0,
    0x0, 0xff, 0xc2, 0x1, 0x7, 0xf8, 0xfc, 0xfc,
    0x12, 0x7, 0xcf, 0x81, 0x20, 0xfc, 0xfc, 0x12,
    0x0, 0x48, 0x0,

    /* U+9762 "面" */
    0xff, 0xfc, 0xc, 0x0, 0x20, 0x1f, 0xfe, 0x48,
    0x49, 0x21, 0x24, 0xfc, 0x92, 0x12, 0x48, 0x49,
    0x3f, 0x24, 0x84, 0x92, 0x12, 0x7f, 0xf9, 0x0,
    0x20,

    /* U+9876 "顶" */
    0xfd, 0xfe, 0x20, 0x40, 0x47, 0xf0, 0x88, 0x21,
    0x12, 0x42, 0x24, 0x84, 0x49, 0x8, 0x92, 0x11,
    0x24, 0x22, 0x48, 0x41, 0x40, 0x82, 0x41, 0x18,
    0x5e, 0xc0, 0xc0,

    /* U+9897 "颗" */
    0x7f, 0xfc, 0xac, 0x41, 0xfb, 0xf2, 0xb4, 0x25,
    0x68, 0x4f, 0xd4, 0x84, 0x29, 0x7f, 0x52, 0x30,
    0xa4, 0x78, 0x41, 0x59, 0xc6, 0x92, 0x49, 0x18,
    0x42, 0x60, 0x80,

    /* U+98DF "食" */
    0x3, 0x0, 0x1e, 0x0, 0xcc, 0xc, 0x98, 0x62,
    0x1a, 0x7f, 0xb1, 0x2, 0x7, 0xf8, 0x10, 0x20,
    0x7f, 0x81, 0x1, 0x84, 0x6c, 0x11, 0x60, 0x78,
    0x60, 0x0, 0x0,

    /* U+9971 "饱" */
    0x1, 0x0, 0x42, 0x1, 0xf, 0xf3, 0xd0, 0x24,
    0xe0, 0x52, 0xfc, 0xa8, 0x89, 0x11, 0x12, 0x22,
    0x24, 0x47, 0xc8, 0x88, 0x61, 0x10, 0x13, 0xa0,
    0x64, 0x7f, 0x80,

    /* U+9972 "饲" */
    0x0, 0x0, 0x9f, 0xf4, 0x0, 0x5e, 0x1, 0xcb,
    0xf6, 0x40, 0x12, 0x3e, 0x48, 0x89, 0x22, 0x24,
    0x88, 0x92, 0x3e, 0x49, 0x1, 0x2c, 0x4, 0xc0,
    0x12, 0x1, 0xc0,

    /* U+997C "饼" */
    0x23, 0x8, 0x84, 0x44, 0x19, 0x1f, 0xff, 0x51,
    0x12, 0x44, 0x4a, 0x11, 0x8, 0x44, 0x27, 0xfc,
    0x84, 0x42, 0x11, 0x8, 0xc4, 0x2a, 0x10, 0xd8,
    0x40, 0x41, 0x0,

    /* U+9985 "馅" */
    0x0, 0x80, 0x82, 0x6, 0x1f, 0xde, 0x42, 0xca,
    0x1a, 0x2, 0xa, 0x31, 0xc8, 0x81, 0x22, 0x4,
    0x8e, 0x72, 0x20, 0x48, 0x81, 0x2a, 0x4, 0xcf,
    0xf2, 0x20, 0x40,

    /* U+9999 "香" */
    0x0, 0x39, 0xff, 0x0, 0x30, 0x3f, 0xff, 0x7,
    0x80, 0x2d, 0x3, 0x33, 0x38, 0xc7, 0xbf, 0xf4,
    0x80, 0x43, 0xff, 0x8, 0x4, 0x20, 0x10, 0xff,
    0xc2, 0x1, 0x0,

    /* U+9AD8 "高" */
    0x0, 0x0, 0xc, 0xf, 0xff, 0xc0, 0x0, 0x1f,
    0xe0, 0x40, 0x81, 0x2, 0x7, 0xf8, 0x0, 0x1,
    0xff, 0xe4, 0xfc, 0x92, 0x12, 0x48, 0x49, 0x3f,
    0x24, 0x0, 0x90, 0xe,

    /* U+9C81 "鲁" */
    0x8, 0x0, 0x7f, 0x83, 0x4, 0x3f, 0xfc, 0x21,
    0x10, 0xff, 0xc3, 0xff, 0x0, 0x0, 0xff, 0xfc,
    0x0, 0x3, 0xff, 0x8, 0x4, 0x3f, 0xf0, 0xff,
    0xc2, 0x1, 0x0,

    /* U+9EBB "麻" */
    0x1, 0x0, 0xff, 0xf9, 0x0, 0x2, 0x0, 0x4,
    0x42, 0xb, 0xdf, 0x93, 0x1c, 0x27, 0x34, 0x4e,
    0x68, 0xaa, 0xd1, 0x52, 0x92, 0xa5, 0x2a, 0x52,
    0x70, 0x84, 0x21, 0x8, 0x0,

    /* U+9EC4 "黄" */
    0x8, 0x41, 0xff, 0xe0, 0x84, 0x2, 0x10, 0xff,
    0xfc, 0xc, 0x3, 0xff, 0x8, 0xc4, 0x3f, 0xf0,
    0x8c, 0x42, 0x31, 0xf, 0xfc, 0x8, 0x40, 0xc0,
    0xec, 0x0, 0xc0,

    /* U+9ED8 "默" */
    0x0, 0x23, 0xf8, 0xa9, 0x22, 0xf6, 0x88, 0x92,
    0xff, 0xf8, 0x81, 0x2, 0x3f, 0x88, 0x10, 0x50,
    0x41, 0x4f, 0xe5, 0x0, 0x32, 0xaa, 0x8a, 0xaa,
    0x1a, 0x10, 0x40,

    /* U+9F84 "龄" */
    0x8, 0x30, 0x90, 0x61, 0x39, 0x22, 0x46, 0x6f,
    0xfa, 0x60, 0x32, 0x40, 0x4, 0x29, 0x7e, 0x52,
    0x4, 0xb4, 0x11, 0xab, 0x63, 0x13, 0x84, 0x23,
    0xf, 0xc3, 0x0, 0x82, 0x0,

    /* U+FF01 "！" */
    0xff, 0x60,

    /* U+FF08 "（" */
    0x29, 0x29, 0x24, 0x92, 0x24, 0x88,

    /* U+FF09 "）" */
    0x89, 0x22, 0x49, 0x24, 0xa4, 0xa0,

    /* U+FF0C "，" */
    0xf6, 0x80,

    /* U+FF1A "：" */
    0xf0, 0xf,

    /* U+FF1B "；" */
    0xf0, 0xf, 0x58,

    /* U+FF1F "？" */
    0x3c, 0x8e, 0xc, 0x10, 0x61, 0x86, 0x8, 0x10,
    0x0, 0xc1, 0x80,

    /* U+FF5E "～" */
    0x78, 0x1c, 0x63, 0x81, 0xe0
};


/*---------------------
 *  GLYPH DESCRIPTION
 *--------------------*/

static const lv_font_fmt_txt_glyph_dsc_t glyph_dsc[] = {
    {.bitmap_index = 0, .adv_w = 0, .box_w = 0, .box_h = 0, .ofs_x = 0, .ofs_y = 0} /* id = 0 reserved */,
    {.bitmap_index = 0, .adv_w = 85, .box_w = 1, .box_h = 1, .ofs_x = 0, .ofs_y = 0},
    {.bitmap_index = 1, .adv_w = 85, .box_w = 2, .box_h = 12, .ofs_x = 2, .ofs_y = 0},
    {.bitmap_index = 4, .adv_w = 117, .box_w = 5, .box_h = 5, .ofs_x = 1, .ofs_y = 7},
    {.bitmap_index = 8, .adv_w = 154, .box_w = 9, .box_h = 12, .ofs_x = 0, .ofs_y = 0},
    {.bitmap_index = 22, .adv_w = 154, .box_w = 8, .box_h = 16, .ofs_x = 1, .ofs_y = -2},
    {.bitmap_index = 38, .adv_w = 248, .box_w = 13, .box_h = 12, .ofs_x = 1, .ofs_y = 0},
    {.bitmap_index = 58, .adv_w = 186, .box_w = 10, .box_h = 12, .ofs_x = 1, .ofs_y = 0},
    {.bitmap_index = 73, .adv_w = 67, .box_w = 2, .box_h = 5, .ofs_x = 1, .ofs_y = 7},
    {.bitmap_index = 75, .adv_w = 85, .box_w = 3, .box_h = 16, .ofs_x = 1, .ofs_y = -2},
    {.bitmap_index = 81, .adv_w = 85, .box_w = 3, .box_h = 16, .ofs_x = 1, .ofs_y = -2},
    {.bitmap_index = 87, .adv_w = 130, .box_w = 7, .box_h = 7, .ofs_x = 1, .ofs_y = 5},
    {.bitmap_index = 94, .adv_w = 155, .box_w = 8, .box_h = 9, .ofs_x = 1, .ofs_y = 0},
    {.bitmap_index = 103, .adv_w = 68, .box_w = 2, .box_h = 5, .ofs_x = 1, .ofs_y = -3},
    {.bitmap_index = 105, .adv_w = 155, .box_w = 8, .box_h = 1, .ofs_x = 1, .ofs_y = 4},
    {.bitmap_index = 106, .adv_w = 68, .box_w = 2, .box_h = 2, .ofs_x = 1, .ofs_y = 0},
    {.bitmap_index = 107, .adv_w = 128, .box_w = 6, .box_h = 16, .ofs_x = 1, .ofs_y = -2},
    {.bitmap_index = 119, .adv_w = 154, .box_w = 8, .box_h = 12, .ofs_x = 1, .ofs_y = 0},
    {.bitmap_index = 131, .adv_w = 154, .box_w = 4, .box_h = 12, .ofs_x = 1, .ofs_y = 0},
    {.bitmap_index = 137, .adv_w = 154, .box_w = 7, .box_h = 12, .ofs_x = 1, .ofs_y = 0},
    {.bitmap_index = 148, .adv_w = 154, .box_w = 8, .box_h = 12, .ofs_x = 1, .ofs_y = 0},
    {.bitmap_index = 160, .adv_w = 154, .box_w = 9, .box_h = 12, .ofs_x = 0, .ofs_y = 0},
    {.bitmap_index = 174, .adv_w = 154, .box_w = 8, .box_h = 12, .ofs_x = 0, .ofs_y = 0},
    {.bitmap_index = 186, .adv_w = 154, .box_w = 8, .box_h = 12, .ofs_x = 1, .ofs_y = 0},
    {.bitmap_index = 198, .adv_w = 154, .box_w = 8, .box_h = 12, .ofs_x = 1, .ofs_y = 0},
    {.bitmap_index = 210, .adv_w = 154, .box_w = 8, .box_h = 12, .ofs_x = 1, .ofs_y = 0},
    {.bitmap_index = 222, .adv_w = 154, .box_w = 8, .box_h = 12, .ofs_x = 1, .ofs_y = 0},
    {.bitmap_index = 234, .adv_w = 68, .box_w = 2, .box_h = 8, .ofs_x = 1, .ofs_y = 0},
    {.bitmap_index = 236, .adv_w = 68, .box_w = 2, .box_h = 11, .ofs_x = 1, .ofs_y = -3},
    {.bitmap_index = 239, .adv_w = 155, .box_w = 8, .box_h = 9, .ofs_x = 1, .ofs_y = 0},
    {.bitmap_index = 248, .adv_w = 155, .box_w = 8, .box_h = 5, .ofs_x = 1, .ofs_y = 2},
    {.bitmap_index = 253, .adv_w = 155, .box_w = 8, .box_h = 9, .ofs_x = 1, .ofs_y = 0},
    {.bitmap_index = 262, .adv_w = 137, .box_w = 7, .box_h = 12, .ofs_x = 1, .ofs_y = 0},
    {.bitmap_index = 273, .adv_w = 220, .box_w = 13, .box_h = 12, .ofs_x = 1, .ofs_y = 0},
    {.bitmap_index = 293, .adv_w = 168, .box_w = 11, .box_h = 12, .ofs_x = 0, .ofs_y = 0},
    {.bitmap_index = 310, .adv_w = 173, .box_w = 9, .box_h = 12, .ofs_x = 1, .ofs_y = 0},
    {.bitmap_index = 324, .adv_w = 186, .box_w = 10, .box_h = 12, .ofs_x = 1, .ofs_y = 0},
    {.bitmap_index = 339, .adv_w = 181, .box_w = 9, .box_h = 12, .ofs_x = 1, .ofs_y = 0},
    {.bitmap_index = 353, .adv_w = 163, .box_w = 8, .box_h = 12, .ofs_x = 1, .ofs_y = 0},
    {.bitmap_index = 365, .adv_w = 148, .box_w = 7, .box_h = 12, .ofs_x = 1, .ofs_y = 0},
    {.bitmap_index = 376, .adv_w = 191, .box_w = 10, .box_h = 12, .ofs_x = 1, .ofs_y = 0},
    {.bitmap_index = 391, .adv_w = 184, .box_w = 9, .box_h = 12, .ofs_x = 1, .ofs_y = 0},
    {.bitmap_index = 405, .adv_w = 61, .box_w = 1, .box_h = 12, .ofs_x = 1, .ofs_y = 0},
    {.bitmap_index = 407, .adv_w = 132, .box_w = 7, .box_h = 12, .ofs_x = 1, .ofs_y = 0},
    {.bitmap_index = 418, .adv_w = 177, .box_w = 10, .box_h = 12, .ofs_x = 1, .ofs_y = 0},
    {.bitmap_index = 433, .adv_w = 151, .box_w = 8, .box_h = 12, .ofs_x = 1, .ofs_y = 0},
    {.bitmap_index = 445, .adv_w = 226, .box_w = 12, .box_h = 12, .ofs_x = 1, .ofs_y = 0},
    {.bitmap_index = 463, .adv_w = 184, .box_w = 9, .box_h = 12, .ofs_x = 1, .ofs_y = 0},
    {.bitmap_index = 477, .adv_w = 196, .box_w = 11, .box_h = 12, .ofs_x = 1, .ofs_y = 0},
    {.bitmap_index = 494, .adv_w = 164, .box_w = 8, .box_h = 12, .ofs_x = 1, .ofs_y = 0},
    {.bitmap_index = 506, .adv_w = 196, .box_w = 11, .box_h = 13, .ofs_x = 1, .ofs_y = -1},
    {.bitmap_index = 524, .adv_w = 173, .box_w = 9, .box_h = 12, .ofs_x = 1, .ofs_y = 0},
    {.bitmap_index = 538, .adv_w = 162, .box_w = 9, .box_h = 12, .ofs_x = 1, .ofs_y = 0},
    {.bitmap_index = 552, .adv_w = 158, .box_w = 9, .box_h = 12, .ofs_x = 1, .ofs_y = 0},
    {.bitmap_index = 566, .adv_w = 183, .box_w = 9, .box_h = 12, .ofs_x = 1, .ofs_y = 0},
    {.bitmap_index = 580, .adv_w = 164, .box_w = 10, .box_h = 12, .ofs_x = 0, .ofs_y = 0},
    {.bitmap_index = 595, .adv_w = 238, .box_w = 15, .box_h = 12, .ofs_x = 0, .ofs_y = 0},
    {.bitmap_index = 618, .adv_w = 163, .box_w = 10, .box_h = 12, .ofs_x = 0, .ofs_y = 0},
    {.bitmap_index = 633, .adv_w = 169, .box_w = 11, .box_h = 12, .ofs_x = 0, .ofs_y = 0},
    {.bitmap_index = 650, .adv_w = 160, .box_w = 9, .box_h = 12, .ofs_x = 1, .ofs_y = 0},
    {.bitmap_index = 664, .adv_w = 85, .box_w = 4, .box_h = 16, .ofs_x = 1, .ofs_y = -2},
    {.bitmap_index = 672, .adv_w = 128, .box_w = 6, .box_h = 16, .ofs_x = 1, .ofs_y = -2},
    {.bitmap_index = 684, .adv_w = 85, .box_w = 4, .box_h = 16, .ofs_x = 0, .ofs_y = -2},
    {.bitmap_index = 692, .adv_w = 133, .box_w = 6, .box_h = 6, .ofs_x = 1, .ofs_y = 6},
    {.bitmap_index = 697, .adv_w = 128, .box_w = 8, .box_h = 1, .ofs_x = 0, .ofs_y = -2},
    {.bitmap_index = 698, .adv_w = 85, .box_w = 3, .box_h = 3, .ofs_x = 1, .ofs_y = 10},
    {.bitmap_index = 700, .adv_w = 143, .box_w = 7, .box_h = 9, .ofs_x = 1, .ofs_y = 0},
    {.bitmap_index = 708, .adv_w = 150, .box_w = 8, .box_h = 12, .ofs_x = 1, .ofs_y = 0},
    {.bitmap_index = 720, .adv_w = 140, .box_w = 7, .box_h = 9, .ofs_x = 1, .ofs_y = 0},
    {.bitmap_index = 728, .adv_w = 150, .box_w = 8, .box_h = 12, .ofs_x = 1, .ofs_y = 0},
    {.bitmap_index = 740, .adv_w = 142, .box_w = 8, .box_h = 9, .ofs_x = 1, .ofs_y = 0},
    {.bitmap_index = 749, .adv_w = 95, .box_w = 6, .box_h = 12, .ofs_x = 1, .ofs_y = 0},
    {.bitmap_index = 758, .adv_w = 151, .box_w = 8, .box_h = 12, .ofs_x = 1, .ofs_y = -3},
    {.bitmap_index = 770, .adv_w = 142, .box_w = 7, .box_h = 12, .ofs_x = 1, .ofs_y = 0},
    {.bitmap_index = 781, .adv_w = 66, .box_w = 2, .box_h = 12, .ofs_x = 1, .ofs_y = 0},
    {.bitmap_index = 784, .adv_w = 68, .box_w = 3, .box_h = 15, .ofs_x = 0, .ofs_y = -3},
    {.bitmap_index = 790, .adv_w = 135, .box_w = 7, .box_h = 12, .ofs_x = 1, .ofs_y = 0},
    {.bitmap_index = 801, .adv_w = 60, .box_w = 1, .box_h = 12, .ofs_x = 1, .ofs_y = 0},
    {.bitmap_index = 803, .adv_w = 219, .box_w = 11, .box_h = 9, .ofs_x = 1, .ofs_y = 0},
    {.bitmap_index = 816, .adv_w = 143, .box_w = 7, .box_h = 9, .ofs_x = 1, .ofs_y = 0},
    {.bitmap_index = 824, .adv_w = 150, .box_w = 8, .box_h = 9, .ofs_x = 1, .ofs_y = 0},
    {.bitmap_index = 833, .adv_w = 150, .box_w = 8, .box_h = 12, .ofs_x = 1, .ofs_y = -3},
    {.bitmap_index = 845, .adv_w = 150, .box_w = 8, .box_h = 12, .ofs_x = 1, .ofs_y = -3},
    {.bitmap_index = 857, .adv_w = 93, .box_w = 5, .box_h = 9, .ofs_x = 1, .ofs_y = 0},
    {.bitmap_index = 863, .adv_w = 129, .box_w = 7, .box_h = 9, .ofs_x = 1, .ofs_y = 0},
    {.bitmap_index = 871, .adv_w = 91, .box_w = 5, .box_h = 12, .ofs_x = 1, .ofs_y = 0},
    {.bitmap_index = 879, .adv_w = 143, .box_w = 7, .box_h = 9, .ofs_x = 1, .ofs_y = 0},
    {.bitmap_index = 887, .adv_w = 123, .box_w = 8, .box_h = 9, .ofs_x = 0, .ofs_y = 0},
    {.bitmap_index = 896, .adv_w = 193, .box_w = 12, .box_h = 9, .ofs_x = 0, .ofs_y = 0},
    {.bitmap_index = 910, .adv_w = 130, .box_w = 8, .box_h = 9, .ofs_x = 0, .ofs_y = 0},
    {.bitmap_index = 919, .adv_w = 127, .box_w = 8, .box_h = 12, .ofs_x = 0, .ofs_y = -3},
    {.bitmap_index = 931, .adv_w = 125, .box_w = 7, .box_h = 9, .ofs_x = 1, .ofs_y = 0},
    {.bitmap_index = 939, .adv_w = 85, .box_w = 5, .box_h = 16, .ofs_x = 0, .ofs_y = -2},
    {.bitmap_index = 949, .adv_w = 50, .box_w = 1, .box_h = 17, .ofs_x = 1, .ofs_y = -2},
    {.bitmap_index = 952, .adv_w = 85, .box_w = 5, .box_h = 16, .ofs_x = 1, .ofs_y = -2},
    {.bitmap_index = 962, .adv_w = 128, .box_w = 8, .box_h = 3, .ofs_x = 0, .ofs_y = 5},
    {.bitmap_index = 965, .adv_w = 0, .box_w = 1, .box_h = 1, .ofs_x = 0, .ofs_y = 0},
    {.bitmap_index = 966, .adv_w = 137, .box_w = 5, .box_h = 5, .ofs_x = 2, .ofs_y = 9},
    {.bitmap_index = 970, .adv_w = 137, .box_w = 5, .box_h = 5, .ofs_x = 1, .ofs_y = 9},
    {.bitmap_index = 974, .adv_w = 236, .box_w = 14, .box_h = 13, .ofs_x = 0, .ofs_y = 0},
    {.bitmap_index = 997, .adv_w = 256, .box_w = 4, .box_h = 4, .ofs_x = 2, .ofs_y = -2},
    {.bitmap_index = 999, .adv_w = 256, .box_w = 4, .box_h = 4, .ofs_x = 2, .ofs_y = -2},
    {.bitmap_index = 1001, .adv_w = 256, .box_w = 7, .box_h = 15, .ofs_x = 8, .ofs_y = -2},
    {.bitmap_index = 1015, .adv_w = 256, .box_w = 7, .box_h = 15, .ofs_x = 1, .ofs_y = -2},
    {.bitmap_index = 1029, .adv_w = 256, .box_w = 14, .box_h = 1, .ofs_x = 1, .ofs_y = 5},
    {.bitmap_index = 1031, .adv_w = 256, .box_w = 14, .box_h = 14, .ofs_x = 1, .ofs_y = -1},
    {.bitmap_index = 1056, .adv_w = 256, .box_w = 14, .box_h = 14, .ofs_x = 1, .ofs_y = -2},
    {.bitmap_index = 1081, .adv_w = 256, .box_w = 14, .box_h = 14, .ofs_x = 1, .ofs_y = -2},
    {.bitmap_index = 1106, .adv_w = 256, .box_w = 14, .box_h = 15, .ofs_x = 1, .ofs_y = -2},
    {.bitmap_index = 1133, .adv_w = 256, .box_w = 15, .box_h = 15, .ofs_x = 1, .ofs_y = -2},
    {.bitmap_index = 1162, .adv_w = 256, .box_w = 13, .box_h = 15, .ofs_x = 2, .ofs_y = -2},
    {.bitmap_index = 1187, .adv_w = 256, .box_w = 14, .box_h = 15, .ofs_x = 1, .ofs_y = -2},
    {.bitmap_index = 1214, .adv_w = 256, .box_w = 15, .box_h = 14, .ofs_x = 0, .ofs_y = -1},
    {.bitmap_index = 1241, .adv_w = 256, .box_w = 14, .box_h = 14, .ofs_x = 1, .ofs_y = -2},
    {.bitmap_index = 1266, .adv_w = 256, .box_w = 12, .box_h = 14, .ofs_x = 2, .ofs_y = -2},
    {.bitmap_index = 1287, .adv_w = 256, .box_w = 14, .box_h = 14, .ofs_x = 1, .ofs_y = -1},
    {.bitmap_index = 1312, .adv_w = 256, .box_w = 15, .box_h = 15, .ofs_x = 0, .ofs_y = -2},
    {.bitmap_index = 1341, .adv_w = 256, .box_w = 14, .box_h = 15, .ofs_x = 1, .ofs_y = -2},
    {.bitmap_index = 1368, .adv_w = 256, .box_w = 15, .box_h = 15, .ofs_x = 0, .ofs_y = -2},
    {.bitmap_index = 1397, .adv_w = 256, .box_w = 14, .box_h = 15, .ofs_x = 1, .ofs_y = -2},
    {.bitmap_index = 1424, .adv_w = 256, .box_w = 14, .box_h = 15, .ofs_x = 1, .ofs_y = -2},
    {.bitmap_index = 1451, .adv_w = 256, .box_w = 13, .box_h = 15, .ofs_x = 2, .ofs_y = -2},
    {.bitmap_index = 1476, .adv_w = 256, .box_w = 14, .box_h = 15, .ofs_x = 1, .ofs_y = -2},
    {.bitmap_index = 1503, .adv_w = 256, .box_w = 15, .box_h = 15, .ofs_x = 1, .ofs_y = -2},
    {.bitmap_index = 1532, .adv_w = 256, .box_w = 14, .box_h = 15, .ofs_x = 1, .ofs_y = -2},
    {.bitmap_index = 1559, .adv_w = 256, .box_w = 15, .box_h = 15, .ofs_x = 1, .ofs_y = -2},
    {.bitmap_index = 1588, .adv_w = 256, .box_w = 14, .box_h = 15, .ofs_x = 1, .ofs_y = -2},
    {.bitmap_index = 1615, .adv_w = 256, .box_w = 14, .box_h = 15, .ofs_x = 1, .ofs_y = -2},
    {.bitmap_index = 1642, .adv_w = 256, .box_w = 14, .box_h = 15, .ofs_x = 1, .ofs_y = -2},
    {.bitmap_index = 1669, .adv_w = 256, .box_w = 15, .box_h = 15, .ofs_x = 0, .ofs_y = -2},
    {.bitmap_index = 1698, .adv_w = 256, .box_w = 15, .box_h = 15, .ofs_x = 1, .ofs_y = -2},
    {.bitmap_index = 1727, .adv_w = 256, .box_w = 15, .box_h = 15, .ofs_x = 0, .ofs_y = -2},
    {.bitmap_index = 1756, .adv_w = 256, .box_w = 14, .box_h = 15, .ofs_x = 1, .ofs_y = -2},
    {.bitmap_index = 1783, .adv_w = 256, .box_w = 15, .box_h = 15, .ofs_x = 0, .ofs_y = -2},
    {.bitmap_index = 1812, .adv_w = 256, .box_w = 14, .box_h = 16, .ofs_x = 1, .ofs_y = -2},
    {.bitmap_index = 1840, .adv_w = 256, .box_w = 15, .box_h = 15, .ofs_x = 1, .ofs_y = -2},
    {.bitmap_index = 1869, .adv_w = 256, .box_w = 14, .box_h = 14, .ofs_x = 1, .ofs_y = -1},
    {.bitmap_index = 1894, .adv_w = 256, .box_w = 14, .box_h = 14, .ofs_x = 1, .ofs_y = -1},
    {.bitmap_index = 1919, .adv_w = 256, .box_w = 15, .box_h = 14, .ofs_x = 0, .ofs_y = -1},
    {.bitmap_index = 1946, .adv_w = 256, .box_w = 14, .box_h = 15, .ofs_x = 1, .ofs_y = -2},
    {.bitmap_index = 1973, .adv_w = 256, .box_w = 14, .box_h = 15, .ofs_x = 1, .ofs_y = -2},
    {.bitmap_index = 2000, .adv_w = 256, .box_w = 14, .box_h = 15, .ofs_x = 1, .ofs_y = -2},
    {.bitmap_index = 2027, .adv_w = 256, .box_w = 14, .box_h = 15, .ofs_x = 1, .ofs_y = -1},
    {.bitmap_index = 2054, .adv_w = 256, .box_w = 15, .box_h = 15, .ofs_x = 0, .ofs_y = -2},
    {.bitmap_index = 2083, .adv_w = 256, .box_w = 14, .box_h = 15, .ofs_x = 1, .ofs_y = -2},
    {.bitmap_index = 2110, .adv_w = 256, .box_w = 13, .box_h = 15, .ofs_x = 2, .ofs_y = -2},
    {.bitmap_index = 2135, .adv_w = 256, .box_w = 14, .box_h = 15, .ofs_x = 1, .ofs_y = -2},
    {.bitmap_index = 2162, .adv_w = 256, .box_w = 15, .box_h = 15, .ofs_x = 1, .ofs_y = -2},
    {.bitmap_index = 2191, .adv_w = 256, .box_w = 14, .box_h = 15, .ofs_x = 1, .ofs_y = -2},
    {.bitmap_index = 2218, .adv_w = 256, .box_w = 14, .box_h = 15, .ofs_x = 1, .ofs_y = -2},
    {.bitmap_index = 2245, .adv_w = 256, .box_w = 14, .box_h = 15, .ofs_x = 1, .ofs_y = -2},
    {.bitmap_index = 2272, .adv_w = 256, .box_w = 13, .box_h = 15, .ofs_x = 1, .ofs_y = -2},
    {.bitmap_index = 2297, .adv_w = 256, .box_w = 13, .box_h = 15, .ofs_x = 1, .ofs_y = -2},
    {.bitmap_index = 2322, .adv_w = 256, .box_w = 14, .box_h = 15, .ofs_x = 1, .ofs_y = -2},
    {.bitmap_index = 2349, .adv_w = 256, .box_w = 13, .box_h = 14, .ofs_x = 1, .ofs_y = -2},
    {.bitmap_index = 2372, .adv_w = 256, .box_w = 15, .box_h = 15, .ofs_x = 0, .ofs_y = -2},
    {.bitmap_index = 2401, .adv_w = 256, .box_w = 14, .box_h = 14, .ofs_x = 1, .ofs_y = -2},
    {.bitmap_index = 2426, .adv_w = 256, .box_w = 14, .box_h = 13, .ofs_x = 1, .ofs_y = -1},
    {.bitmap_index = 2449, .adv_w = 256, .box_w = 14, .box_h = 14, .ofs_x = 1, .ofs_y = -2},
    {.bitmap_index = 2474, .adv_w = 256, .box_w = 14, .box_h = 15, .ofs_x = 1, .ofs_y = -2},
    {.bitmap_index = 2501, .adv_w = 256, .box_w = 14, .box_h = 14, .ofs_x = 1, .ofs_y = -2},
    {.bitmap_index = 2526, .adv_w = 256, .box_w = 14, .box_h = 14, .ofs_x = 1, .ofs_y = -2},
    {.bitmap_index = 2551, .adv_w = 256, .box_w = 14, .box_h = 15, .ofs_x = 1, .ofs_y = -2},
    {.bitmap_index = 2578, .adv_w = 256, .box_w = 14, .box_h = 15, .ofs_x = 1, .ofs_y = -2},
    {.bitmap_index = 2605, .adv_w = 256, .box_w = 14, .box_h = 15, .ofs_x = 1, .ofs_y = -2},
    {.bitmap_index = 2632, .adv_w = 256, .box_w = 13, .box_h = 16, .ofs_x = 1, .ofs_y = -2},
    {.bitmap_index = 2658, .adv_w = 256, .box_w = 15, .box_h = 15, .ofs_x = 1, .ofs_y = -2},
    {.bitmap_index = 2687, .adv_w = 256, .box_w = 13, .box_h = 15, .ofs_x = 2, .ofs_y = -2},
    {.bitmap_index = 2712, .adv_w = 256, .box_w = 13, .box_h = 14, .ofs_x = 1, .ofs_y = -2},
    {.bitmap_index = 2735, .adv_w = 256, .box_w = 14, .box_h = 15, .ofs_x = 1, .ofs_y = -2},
    {.bitmap_index = 2762, .adv_w = 256, .box_w = 14, .box_h = 13, .ofs_x = 1, .ofs_y = -1},
    {.bitmap_index = 2785, .adv_w = 256, .box_w = 15, .box_h = 15, .ofs_x = 0, .ofs_y = -2},
    {.bitmap_index = 2814, .adv_w = 256, .box_w = 14, .box_h = 15, .ofs_x = 1, .ofs_y = -2},
    {.bitmap_index = 2841, .adv_w = 256, .box_w = 14, .box_h = 15, .ofs_x = 1, .ofs_y = -2},
    {.bitmap_index = 2868, .adv_w = 256, .box_w = 13, .box_h = 15, .ofs_x = 1, .ofs_y = -2},
    {.bitmap_index = 2893, .adv_w = 256, .box_w = 14, .box_h = 15, .ofs_x = 1, .ofs_y = -2},
    {.bitmap_index = 2920, .adv_w = 256, .box_w = 14, .box_h = 15, .ofs_x = 1, .ofs_y = -2},
    {.bitmap_index = 2947, .adv_w = 256, .box_w = 14, .box_h = 14, .ofs_x = 1, .ofs_y = -2},
    {.bitmap_index = 2972, .adv_w = 256, .box_w = 14, .box_h = 15, .ofs_x = 1, .ofs_y = -2},
    {.bitmap_index = 2999, .adv_w = 256, .box_w = 14, .box_h = 14, .ofs_x = 1, .ofs_y = -2},
    {.bitmap_index = 3024, .adv_w = 256, .box_w = 14, .box_h = 14, .ofs_x = 1, .ofs_y = -2},
    {.bitmap_index = 3049, .adv_w = 256, .box_w = 14, .box_h = 16, .ofs_x = 1, .ofs_y = -2},
    {.bitmap_index = 3077, .adv_w = 256, .box_w = 13, .box_h = 14, .ofs_x = 2, .ofs_y = -2},
    {.bitmap_index = 3100, .adv_w = 256, .box_w = 13, .box_h = 14, .ofs_x = 2, .ofs_y = -2},
    {.bitmap_index = 3123, .adv_w = 256, .box_w = 13, .box_h = 14, .ofs_x = 2, .ofs_y = -2},
    {.bitmap_index = 3146, .adv_w = 256, .box_w = 13, .box_h = 14, .ofs_x = 2, .ofs_y = -2},
    {.bitmap_index = 3169, .adv_w = 256, .box_w = 13, .box_h = 14, .ofs_x = 2, .ofs_y = -2},
    {.bitmap_index = 3192, .adv_w = 256, .box_w = 14, .box_h = 15, .ofs_x = 1, .ofs_y = -2},
    {.bitmap_index = 3219, .adv_w = 256, .box_w = 14, .box_h = 15, .ofs_x = 1, .ofs_y = -2},
    {.bitmap_index = 3246, .adv_w = 256, .box_w = 15, .box_h = 15, .ofs_x = 0, .ofs_y = -2},
    {.bitmap_index = 3275, .adv_w = 256, .box_w = 14, .box_h = 15, .ofs_x = 1, .ofs_y = -2},
    {.bitmap_index = 3302, .adv_w = 256, .box_w = 14, .box_h = 14, .ofs_x = 1, .ofs_y = -2},
    {.bitmap_index = 3327, .adv_w = 256, .box_w = 15, .box_h = 15, .ofs_x = 0, .ofs_y = -2},
    {.bitmap_index = 3356, .adv_w = 256, .box_w = 13, .box_h = 15, .ofs_x = 2, .ofs_y = -2},
    {.bitmap_index = 3381, .adv_w = 256, .box_w = 14, .box_h = 14, .ofs_x = 1, .ofs_y = -1},
    {.bitmap_index = 3406, .adv_w = 256, .box_w = 15, .box_h = 14, .ofs_x = 0, .ofs_y = -2},
    {.bitmap_index = 3433, .adv_w = 256, .box_w = 14, .box_h = 14, .ofs_x = 1, .ofs_y = -1},
    {.bitmap_index = 3458, .adv_w = 256, .box_w = 14, .box_h = 14, .ofs_x = 1, .ofs_y = -1},
    {.bitmap_index = 3483, .adv_w = 256, .box_w = 14, .box_h = 15, .ofs_x = 1, .ofs_y = -2},
    {.bitmap_index = 3510, .adv_w = 256, .box_w = 14, .box_h = 15, .ofs_x = 1, .ofs_y = -2},
    {.bitmap_index = 3537, .adv_w = 256, .box_w = 15, .box_h = 15, .ofs_x = 1, .ofs_y = -2},
    {.bitmap_index = 3566, .adv_w = 256, .box_w = 14, .box_h = 14, .ofs_x = 1, .ofs_y = -2},
    {.bitmap_index = 3591, .adv_w = 256, .box_w = 14, .box_h = 15, .ofs_x = 1, .ofs_y = -2},
    {.bitmap_index = 3618, .adv_w = 256, .box_w = 13, .box_h = 14, .ofs_x = 1, .ofs_y = -1},
    {.bitmap_index = 3641, .adv_w = 256, .box_w = 14, .box_h = 15, .ofs_x = 1, .ofs_y = -2},
    {.bitmap_index = 3668, .adv_w = 256, .box_w = 15, .box_h = 15, .ofs_x = 1, .ofs_y = -2},
    {.bitmap_index = 3697, .adv_w = 256, .box_w = 14, .box_h = 15, .ofs_x = 1, .ofs_y = -2},
    {.bitmap_index = 3724, .adv_w = 256, .box_w = 14, .box_h = 16, .ofs_x = 1, .ofs_y = -2},
    {.bitmap_index = 3752, .adv_w = 256, .box_w = 14, .box_h = 15, .ofs_x = 1, .ofs_y = -2},
    {.bitmap_index = 3779, .adv_w = 256, .box_w = 14, .box_h = 15, .ofs_x = 0, .ofs_y = -2},
    {.bitmap_index = 3806, .adv_w = 256, .box_w = 14, .box_h = 15, .ofs_x = 1, .ofs_y = -2},
    {.bitmap_index = 3833, .adv_w = 256, .box_w = 15, .box_h = 15, .ofs_x = 1, .ofs_y = -2},
    {.bitmap_index = 3862, .adv_w = 256, .box_w = 14, .box_h = 14, .ofs_x = 2, .ofs_y = -1},
    {.bitmap_index = 3887, .adv_w = 256, .box_w = 14, .box_h = 15, .ofs_x = 1, .ofs_y = -2},
    {.bitmap_index = 3914, .adv_w = 256, .box_w = 14, .box_h = 14, .ofs_x = 0, .ofs_y = -2},
    {.bitmap_index = 3939, .adv_w = 256, .box_w = 14, .box_h = 13, .ofs_x = 1, .ofs_y = -1},
    {.bitmap_index = 3962, .adv_w = 256, .box_w = 13, .box_h = 15, .ofs_x = 1, .ofs_y = -2},
    {.bitmap_index = 3987, .adv_w = 256, .box_w = 14, .box_h = 15, .ofs_x = 1, .ofs_y = -2},
    {.bitmap_index = 4014, .adv_w = 256, .box_w = 14, .box_h = 15, .ofs_x = 1, .ofs_y = -2},
    {.bitmap_index = 4041, .adv_w = 256, .box_w = 14, .box_h = 15, .ofs_x = 1, .ofs_y = -2},
    {.bitmap_index = 4068, .adv_w = 256, .box_w = 14, .box_h = 15, .ofs_x = 1, .ofs_y = -2},
    {.bitmap_index = 4095, .adv_w = 256, .box_w = 14, .box_h = 15, .ofs_x = 1, .ofs_y = -2},
    {.bitmap_index = 4122, .adv_w = 256, .box_w = 14, .box_h = 14, .ofs_x = 1, .ofs_y = -2},
    {.bitmap_index = 4147, .adv_w = 256, .box_w = 13, .box_h = 14, .ofs_x = 2, .ofs_y = -2},
    {.bitmap_index = 4170, .adv_w = 256, .box_w = 12, .box_h = 15, .ofs_x = 2, .ofs_y = -2},
    {.bitmap_index = 4193, .adv_w = 256, .box_w = 14, .box_h = 15, .ofs_x = 1, .ofs_y = -2},
    {.bitmap_index = 4220, .adv_w = 256, .box_w = 15, .box_h = 15, .ofs_x = 1, .ofs_y = -2},
    {.bitmap_index = 4249, .adv_w = 256, .box_w = 14, .box_h = 15, .ofs_x = 1, .ofs_y = -2},
    {.bitmap_index = 4276, .adv_w = 256, .box_w = 15, .box_h = 15, .ofs_x = 0, .ofs_y = -2},
    {.bitmap_index = 4305, .adv_w = 256, .box_w = 14, .box_h = 14, .ofs_x = 1, .ofs_y = -1},
    {.bitmap_index = 4330, .adv_w = 256, .box_w = 15, .box_h = 15, .ofs_x = 1, .ofs_y = -2},
    {.bitmap_index = 4359, .adv_w = 256, .box_w = 15, .box_h = 15, .ofs_x = 0, .ofs_y = -2},
    {.bitmap_index = 4388, .adv_w = 256, .box_w = 14, .box_h = 15, .ofs_x = 1, .ofs_y = -2},
    {.bitmap_index = 4415, .adv_w = 256, .box_w = 14, .box_h = 15, .ofs_x = 0, .ofs_y = -2},
    {.bitmap_index = 4442, .adv_w = 256, .box_w = 16, .box_h = 15, .ofs_x = 0, .ofs_y = -2},
    {.bitmap_index = 4472, .adv_w = 256, .box_w = 15, .box_h = 15, .ofs_x = 0, .ofs_y = -2},
    {.bitmap_index = 4501, .adv_w = 256, .box_w = 15, .box_h = 15, .ofs_x = 0, .ofs_y = -2},
    {.bitmap_index = 4530, .adv_w = 256, .box_w = 14, .box_h = 15, .ofs_x = 1, .ofs_y = -2},
    {.bitmap_index = 4557, .adv_w = 256, .box_w = 15, .box_h = 15, .ofs_x = 0, .ofs_y = -2},
    {.bitmap_index = 4586, .adv_w = 256, .box_w = 15, .box_h = 15, .ofs_x = 0, .ofs_y = -2},
    {.bitmap_index = 4615, .adv_w = 256, .box_w = 14, .box_h = 15, .ofs_x = 0, .ofs_y = -2},
    {.bitmap_index = 4642, .adv_w = 256, .box_w = 14, .box_h = 15, .ofs_x = 1, .ofs_y = -2},
    {.bitmap_index = 4669, .adv_w = 256, .box_w = 14, .box_h = 15, .ofs_x = 1, .ofs_y = -2},
    {.bitmap_index = 4696, .adv_w = 256, .box_w = 15, .box_h = 15, .ofs_x = 1, .ofs_y = -2},
    {.bitmap_index = 4725, .adv_w = 256, .box_w = 15, .box_h = 15, .ofs_x = 1, .ofs_y = -2},
    {.bitmap_index = 4754, .adv_w = 256, .box_w = 14, .box_h = 15, .ofs_x = 1, .ofs_y = -2},
    {.bitmap_index = 4781, .adv_w = 256, .box_w = 13, .box_h = 15, .ofs_x = 1, .ofs_y = -2},
    {.bitmap_index = 4806, .adv_w = 256, .box_w = 15, .box_h = 15, .ofs_x = 1, .ofs_y = -2},
    {.bitmap_index = 4835, .adv_w = 256, .box_w = 15, .box_h = 15, .ofs_x = 1, .ofs_y = -2},
    {.bitmap_index = 4864, .adv_w = 256, .box_w = 13, .box_h = 15, .ofs_x = 2, .ofs_y = -2},
    {.bitmap_index = 4889, .adv_w = 256, .box_w = 14, .box_h = 15, .ofs_x = 1, .ofs_y = -2},
    {.bitmap_index = 4916, .adv_w = 256, .box_w = 14, .box_h = 15, .ofs_x = 1, .ofs_y = -2},
    {.bitmap_index = 4943, .adv_w = 256, .box_w = 14, .box_h = 15, .ofs_x = 1, .ofs_y = -2},
    {.bitmap_index = 4970, .adv_w = 256, .box_w = 14, .box_h = 15, .ofs_x = 1, .ofs_y = -2},
    {.bitmap_index = 4997, .adv_w = 256, .box_w = 14, .box_h = 15, .ofs_x = 1, .ofs_y = -2},
    {.bitmap_index = 5024, .adv_w = 256, .box_w = 15, .box_h = 15, .ofs_x = 1, .ofs_y = -2},
    {.bitmap_index = 5053, .adv_w = 256, .box_w = 10, .box_h = 14, .ofs_x = 3, .ofs_y = -2},
    {.bitmap_index = 5071, .adv_w = 256, .box_w = 14, .box_h = 14, .ofs_x = 1, .ofs_y = -2},
    {.bitmap_index = 5096, .adv_w = 256, .box_w = 14, .box_h = 14, .ofs_x = 1, .ofs_y = -2},
    {.bitmap_index = 5121, .adv_w = 256, .box_w = 14, .box_h = 15, .ofs_x = 1, .ofs_y = -2},
    {.bitmap_index = 5148, .adv_w = 256, .box_w = 16, .box_h = 15, .ofs_x = 0, .ofs_y = -2},
    {.bitmap_index = 5178, .adv_w = 256, .box_w = 14, .box_h = 14, .ofs_x = 1, .ofs_y = -2},
    {.bitmap_index = 5203, .adv_w = 256, .box_w = 14, .box_h = 14, .ofs_x = 1, .ofs_y = -2},
    {.bitmap_index = 5228, .adv_w = 256, .box_w = 14, .box_h = 15, .ofs_x = 1, .ofs_y = -2},
    {.bitmap_index = 5255, .adv_w = 256, .box_w = 14, .box_h = 14, .ofs_x = 1, .ofs_y = -1},
    {.bitmap_index = 5280, .adv_w = 256, .box_w = 15, .box_h = 14, .ofs_x = 1, .ofs_y = -2},
    {.bitmap_index = 5307, .adv_w = 256, .box_w = 14, .box_h = 14, .ofs_x = 1, .ofs_y = -2},
    {.bitmap_index = 5332, .adv_w = 256, .box_w = 11, .box_h = 14, .ofs_x = 2, .ofs_y = -2},
    {.bitmap_index = 5352, .adv_w = 256, .box_w = 14, .box_h = 15, .ofs_x = 1, .ofs_y = -2},
    {.bitmap_index = 5379, .adv_w = 256, .box_w = 14, .box_h = 15, .ofs_x = 1, .ofs_y = -2},
    {.bitmap_index = 5406, .adv_w = 256, .box_w = 13, .box_h = 15, .ofs_x = 1, .ofs_y = -2},
    {.bitmap_index = 5431, .adv_w = 256, .box_w = 14, .box_h = 15, .ofs_x = 1, .ofs_y = -2},
    {.bitmap_index = 5458, .adv_w = 256, .box_w = 14, .box_h = 14, .ofs_x = 1, .ofs_y = -2},
    {.bitmap_index = 5483, .adv_w = 256, .box_w = 14, .box_h = 15, .ofs_x = 1, .ofs_y = -2},
    {.bitmap_index = 5510, .adv_w = 256, .box_w = 15, .box_h = 15, .ofs_x = 0, .ofs_y = -2},
    {.bitmap_index = 5539, .adv_w = 256, .box_w = 14, .box_h = 15, .ofs_x = 1, .ofs_y = -2},
    {.bitmap_index = 5566, .adv_w = 256, .box_w = 14, .box_h = 15, .ofs_x = 1, .ofs_y = -2},
    {.bitmap_index = 5593, .adv_w = 256, .box_w = 15, .box_h = 15, .ofs_x = 1, .ofs_y = -2},
    {.bitmap_index = 5622, .adv_w = 256, .box_w = 14, .box_h = 15, .ofs_x = 1, .ofs_y = -2},
    {.bitmap_index = 5649, .adv_w = 256, .box_w = 14, .box_h = 15, .ofs_x = 1, .ofs_y = -2},
    {.bitmap_index = 5676, .adv_w = 256, .box_w = 15, .box_h = 14, .ofs_x = 0, .ofs_y = -1},
    {.bitmap_index = 5703, .adv_w = 256, .box_w = 14, .box_h = 14, .ofs_x = 1, .ofs_y = -1},
    {.bitmap_index = 5728, .adv_w = 256, .box_w = 14, .box_h = 15, .ofs_x = 1, .ofs_y = -2},
    {.bitmap_index = 5755, .adv_w = 256, .box_w = 12, .box_h = 13, .ofs_x = 2, .ofs_y = -1},
    {.bitmap_index = 5775, .adv_w = 256, .box_w = 14, .box_h = 14, .ofs_x = 1, .ofs_y = -2},
    {.bitmap_index = 5800, .adv_w = 256, .box_w = 14, .box_h = 16, .ofs_x = 1, .ofs_y = -2},
    {.bitmap_index = 5828, .adv_w = 256, .box_w = 14, .box_h = 15, .ofs_x = 1, .ofs_y = -2},
    {.bitmap_index = 5855, .adv_w = 256, .box_w = 15, .box_h = 15, .ofs_x = 1, .ofs_y = -2},
    {.bitmap_index = 5884, .adv_w = 256, .box_w = 14, .box_h = 14, .ofs_x = 1, .ofs_y = -2},
    {.bitmap_index = 5909, .adv_w = 256, .box_w = 14, .box_h = 14, .ofs_x = 1, .ofs_y = -2},
    {.bitmap_index = 5934, .adv_w = 256, .box_w = 14, .box_h = 15, .ofs_x = 1, .ofs_y = -2},
    {.bitmap_index = 5961, .adv_w = 256, .box_w = 14, .box_h = 15, .ofs_x = 1, .ofs_y = -2},
    {.bitmap_index = 5988, .adv_w = 256, .box_w = 14, .box_h = 14, .ofs_x = 1, .ofs_y = -2},
    {.bitmap_index = 6013, .adv_w = 256, .box_w = 14, .box_h = 15, .ofs_x = 1, .ofs_y = -2},
    {.bitmap_index = 6040, .adv_w = 256, .box_w = 14, .box_h = 15, .ofs_x = 1, .ofs_y = -2},
    {.bitmap_index = 6067, .adv_w = 256, .box_w = 14, .box_h = 15, .ofs_x = 1, .ofs_y = -2},
    {.bitmap_index = 6094, .adv_w = 256, .box_w = 15, .box_h = 15, .ofs_x = 0, .ofs_y = -2},
    {.bitmap_index = 6123, .adv_w = 256, .box_w = 15, .box_h = 14, .ofs_x = 1, .ofs_y = -2},
    {.bitmap_index = 6150, .adv_w = 256, .box_w = 14, .box_h = 14, .ofs_x = 1, .ofs_y = -1},
    {.bitmap_index = 6175, .adv_w = 256, .box_w = 15, .box_h = 14, .ofs_x = 0, .ofs_y = -2},
    {.bitmap_index = 6202, .adv_w = 256, .box_w = 14, .box_h = 13, .ofs_x = 1, .ofs_y = -1},
    {.bitmap_index = 6225, .adv_w = 256, .box_w = 15, .box_h = 15, .ofs_x = 0, .ofs_y = -2},
    {.bitmap_index = 6254, .adv_w = 256, .box_w = 14, .box_h = 15, .ofs_x = 0, .ofs_y = -2},
    {.bitmap_index = 6281, .adv_w = 256, .box_w = 15, .box_h = 15, .ofs_x = 0, .ofs_y = -2},
    {.bitmap_index = 6310, .adv_w = 256, .box_w = 14, .box_h = 15, .ofs_x = 1, .ofs_y = -2},
    {.bitmap_index = 6337, .adv_w = 256, .box_w = 14, .box_h = 14, .ofs_x = 1, .ofs_y = -1},
    {.bitmap_index = 6362, .adv_w = 256, .box_w = 13, .box_h = 14, .ofs_x = 2, .ofs_y = -2},
    {.bitmap_index = 6385, .adv_w = 256, .box_w = 14, .box_h = 15, .ofs_x = 1, .ofs_y = -2},
    {.bitmap_index = 6412, .adv_w = 256, .box_w = 15, .box_h = 15, .ofs_x = 1, .ofs_y = -2},
    {.bitmap_index = 6441, .adv_w = 256, .box_w = 13, .box_h = 15, .ofs_x = 1, .ofs_y = -2},
    {.bitmap_index = 6466, .adv_w = 256, .box_w = 14, .box_h = 15, .ofs_x = 1, .ofs_y = -2},
    {.bitmap_index = 6493, .adv_w = 256, .box_w = 14, .box_h = 15, .ofs_x = 1, .ofs_y = -2},
    {.bitmap_index = 6520, .adv_w = 256, .box_w = 14, .box_h = 15, .ofs_x = 1, .ofs_y = -2},
    {.bitmap_index = 6547, .adv_w = 256, .box_w = 15, .box_h = 15, .ofs_x = 1, .ofs_y = -2},
    {.bitmap_index = 6576, .adv_w = 256, .box_w = 15, .box_h = 15, .ofs_x = 0, .ofs_y = -2},
    {.bitmap_index = 6605, .adv_w = 256, .box_w = 14, .box_h = 14, .ofs_x = 1, .ofs_y = -2},
    {.bitmap_index = 6630, .adv_w = 256, .box_w = 14, .box_h = 14, .ofs_x = 1, .ofs_y = -1},
    {.bitmap_index = 6655, .adv_w = 256, .box_w = 15, .box_h = 15, .ofs_x = 1, .ofs_y = -2},
    {.bitmap_index = 6684, .adv_w = 256, .box_w = 14, .box_h = 14, .ofs_x = 1, .ofs_y = -1},
    {.bitmap_index = 6709, .adv_w = 256, .box_w = 14, .box_h = 14, .ofs_x = 1, .ofs_y = -1},
    {.bitmap_index = 6734, .adv_w = 256, .box_w = 14, .box_h = 14, .ofs_x = 0, .ofs_y = -2},
    {.bitmap_index = 6759, .adv_w = 256, .box_w = 13, .box_h = 14, .ofs_x = 2, .ofs_y = -2},
    {.bitmap_index = 6782, .adv_w = 256, .box_w = 14, .box_h = 14, .ofs_x = 1, .ofs_y = -2},
    {.bitmap_index = 6807, .adv_w = 256, .box_w = 11, .box_h = 15, .ofs_x = 3, .ofs_y = -2},
    {.bitmap_index = 6828, .adv_w = 256, .box_w = 13, .box_h = 15, .ofs_x = 1, .ofs_y = -2},
    {.bitmap_index = 6853, .adv_w = 256, .box_w = 14, .box_h = 14, .ofs_x = 1, .ofs_y = -1},
    {.bitmap_index = 6878, .adv_w = 256, .box_w = 14, .box_h = 14, .ofs_x = 1, .ofs_y = -1},
    {.bitmap_index = 6903, .adv_w = 256, .box_w = 14, .box_h = 16, .ofs_x = 1, .ofs_y = -2},
    {.bitmap_index = 6931, .adv_w = 256, .box_w = 14, .box_h = 15, .ofs_x = 1, .ofs_y = -2},
    {.bitmap_index = 6958, .adv_w = 256, .box_w = 14, .box_h = 14, .ofs_x = 1, .ofs_y = -2},
    {.bitmap_index = 6983, .adv_w = 256, .box_w = 14, .box_h = 16, .ofs_x = 1, .ofs_y = -2},
    {.bitmap_index = 7011, .adv_w = 256, .box_w = 15, .box_h = 14, .ofs_x = 0, .ofs_y = -2},
    {.bitmap_index = 7038, .adv_w = 256, .box_w = 15, .box_h = 15, .ofs_x = 0, .ofs_y = -2},
    {.bitmap_index = 7067, .adv_w = 256, .box_w = 14, .box_h = 15, .ofs_x = 1, .ofs_y = -2},
    {.bitmap_index = 7094, .adv_w = 256, .box_w = 15, .box_h = 15, .ofs_x = 1, .ofs_y = -2},
    {.bitmap_index = 7123, .adv_w = 256, .box_w = 16, .box_h = 15, .ofs_x = 0, .ofs_y = -2},
    {.bitmap_index = 7153, .adv_w = 256, .box_w = 14, .box_h = 15, .ofs_x = 1, .ofs_y = -2},
    {.bitmap_index = 7180, .adv_w = 256, .box_w = 14, .box_h = 15, .ofs_x = 1, .ofs_y = -2},
    {.bitmap_index = 7207, .adv_w = 256, .box_w = 14, .box_h = 15, .ofs_x = 1, .ofs_y = -2},
    {.bitmap_index = 7234, .adv_w = 256, .box_w = 13, .box_h = 15, .ofs_x = 1, .ofs_y = -2},
    {.bitmap_index = 7259, .adv_w = 256, .box_w = 15, .box_h = 15, .ofs_x = 1, .ofs_y = -2},
    {.bitmap_index = 7288, .adv_w = 256, .box_w = 15, .box_h = 16, .ofs_x = 0, .ofs_y = -2},
    {.bitmap_index = 7318, .adv_w = 256, .box_w = 14, .box_h = 15, .ofs_x = 1, .ofs_y = -2},
    {.bitmap_index = 7345, .adv_w = 256, .box_w = 14, .box_h = 15, .ofs_x = 1, .ofs_y = -2},
    {.bitmap_index = 7372, .adv_w = 256, .box_w = 13, .box_h = 15, .ofs_x = 1, .ofs_y = -2},
    {.bitmap_index = 7397, .adv_w = 256, .box_w = 15, .box_h = 15, .ofs_x = 1, .ofs_y = -2},
    {.bitmap_index = 7426, .adv_w = 256, .box_w = 14, .box_h = 14, .ofs_x = 1, .ofs_y = -1},
    {.bitmap_index = 7451, .adv_w = 256, .box_w = 14, .box_h = 15, .ofs_x = 1, .ofs_y = -2},
    {.bitmap_index = 7478, .adv_w = 256, .box_w = 14, .box_h = 15, .ofs_x = 1, .ofs_y = -2},
    {.bitmap_index = 7505, .adv_w = 256, .box_w = 14, .box_h = 15, .ofs_x = 1, .ofs_y = -2},
    {.bitmap_index = 7532, .adv_w = 256, .box_w = 14, .box_h = 14, .ofs_x = 1, .ofs_y = -1},
    {.bitmap_index = 7557, .adv_w = 256, .box_w = 15, .box_h = 15, .ofs_x = 0, .ofs_y = -2},
    {.bitmap_index = 7586, .adv_w = 256, .box_w = 13, .box_h = 14, .ofs_x = 1, .ofs_y = -2},
    {.bitmap_index = 7609, .adv_w = 256, .box_w = 14, .box_h = 15, .ofs_x = 1, .ofs_y = -2},
    {.bitmap_index = 7636, .adv_w = 256, .box_w = 14, .box_h = 15, .ofs_x = 1, .ofs_y = -2},
    {.bitmap_index = 7663, .adv_w = 256, .box_w = 15, .box_h = 14, .ofs_x = 1, .ofs_y = -2},
    {.bitmap_index = 7690, .adv_w = 256, .box_w = 14, .box_h = 15, .ofs_x = 1, .ofs_y = -2},
    {.bitmap_index = 7717, .adv_w = 256, .box_w = 14, .box_h = 15, .ofs_x = 1, .ofs_y = -2},
    {.bitmap_index = 7744, .adv_w = 256, .box_w = 15, .box_h = 15, .ofs_x = 1, .ofs_y = -2},
    {.bitmap_index = 7773, .adv_w = 256, .box_w = 14, .box_h = 13, .ofs_x = 1, .ofs_y = -1},
    {.bitmap_index = 7796, .adv_w = 256, .box_w = 14, .box_h = 15, .ofs_x = 1, .ofs_y = -2},
    {.bitmap_index = 7823, .adv_w = 256, .box_w = 14, .box_h = 16, .ofs_x = 1, .ofs_y = -2},
    {.bitmap_index = 7851, .adv_w = 256, .box_w = 14, .box_h = 15, .ofs_x = 1, .ofs_y = -2},
    {.bitmap_index = 7878, .adv_w = 256, .box_w = 14, .box_h = 14, .ofs_x = 1, .ofs_y = -1},
    {.bitmap_index = 7903, .adv_w = 256, .box_w = 14, .box_h = 15, .ofs_x = 1, .ofs_y = -2},
    {.bitmap_index = 7930, .adv_w = 256, .box_w = 14, .box_h = 15, .ofs_x = 1, .ofs_y = -2},
    {.bitmap_index = 7957, .adv_w = 256, .box_w = 14, .box_h = 15, .ofs_x = 1, .ofs_y = -2},
    {.bitmap_index = 7984, .adv_w = 256, .box_w = 14, .box_h = 15, .ofs_x = 1, .ofs_y = -2},
    {.bitmap_index = 8011, .adv_w = 256, .box_w = 14, .box_h = 15, .ofs_x = 1, .ofs_y = -2},
    {.bitmap_index = 8038, .adv_w = 256, .box_w = 14, .box_h = 15, .ofs_x = 1, .ofs_y = -2},
    {.bitmap_index = 8065, .adv_w = 256, .box_w = 14, .box_h = 15, .ofs_x = 1, .ofs_y = -2},
    {.bitmap_index = 8092, .adv_w = 256, .box_w = 14, .box_h = 15, .ofs_x = 1, .ofs_y = -2},
    {.bitmap_index = 8119, .adv_w = 256, .box_w = 14, .box_h = 15, .ofs_x = 1, .ofs_y = -2},
    {.bitmap_index = 8146, .adv_w = 256, .box_w = 14, .box_h = 15, .ofs_x = 1, .ofs_y = -2},
    {.bitmap_index = 8173, .adv_w = 256, .box_w = 14, .box_h = 15, .ofs_x = 1, .ofs_y = -2},
    {.bitmap_index = 8200, .adv_w = 256, .box_w = 14, .box_h = 15, .ofs_x = 1, .ofs_y = -2},
    {.bitmap_index = 8227, .adv_w = 256, .box_w = 14, .box_h = 15, .ofs_x = 1, .ofs_y = -2},
    {.bitmap_index = 8254, .adv_w = 256, .box_w = 14, .box_h = 15, .ofs_x = 1, .ofs_y = -2},
    {.bitmap_index = 8281, .adv_w = 256, .box_w = 14, .box_h = 15, .ofs_x = 1, .ofs_y = -2},
    {.bitmap_index = 8308, .adv_w = 256, .box_w = 15, .box_h = 15, .ofs_x = 0, .ofs_y = -2},
    {.bitmap_index = 8337, .adv_w = 256, .box_w = 14, .box_h = 13, .ofs_x = 1, .ofs_y = -1},
    {.bitmap_index = 8360, .adv_w = 256, .box_w = 14, .box_h = 14, .ofs_x = 1, .ofs_y = -1},
    {.bitmap_index = 8385, .adv_w = 256, .box_w = 14, .box_h = 14, .ofs_x = 1, .ofs_y = -2},
    {.bitmap_index = 8410, .adv_w = 256, .box_w = 14, .box_h = 14, .ofs_x = 1, .ofs_y = -2},
    {.bitmap_index = 8435, .adv_w = 256, .box_w = 14, .box_h = 15, .ofs_x = 1, .ofs_y = -2},
    {.bitmap_index = 8462, .adv_w = 256, .box_w = 14, .box_h = 15, .ofs_x = 1, .ofs_y = -2},
    {.bitmap_index = 8489, .adv_w = 256, .box_w = 14, .box_h = 14, .ofs_x = 1, .ofs_y = -2},
    {.bitmap_index = 8514, .adv_w = 256, .box_w = 14, .box_h = 15, .ofs_x = 1, .ofs_y = -2},
    {.bitmap_index = 8541, .adv_w = 256, .box_w = 14, .box_h = 15, .ofs_x = 1, .ofs_y = -2},
    {.bitmap_index = 8568, .adv_w = 256, .box_w = 15, .box_h = 14, .ofs_x = 0, .ofs_y = -1},
    {.bitmap_index = 8595, .adv_w = 256, .box_w = 14, .box_h = 15, .ofs_x = 0, .ofs_y = -2},
    {.bitmap_index = 8622, .adv_w = 256, .box_w = 13, .box_h = 15, .ofs_x = 1, .ofs_y = -2},
    {.bitmap_index = 8647, .adv_w = 256, .box_w = 14, .box_h = 15, .ofs_x = 1, .ofs_y = -2},
    {.bitmap_index = 8674, .adv_w = 256, .box_w = 15, .box_h = 14, .ofs_x = 0, .ofs_y = -1},
    {.bitmap_index = 8701, .adv_w = 256, .box_w = 15, .box_h = 13, .ofs_x = 0, .ofs_y = -1},
    {.bitmap_index = 8726, .adv_w = 256, .box_w = 15, .box_h = 15, .ofs_x = 0, .ofs_y = -2},
    {.bitmap_index = 8755, .adv_w = 256, .box_w = 14, .box_h = 15, .ofs_x = 1, .ofs_y = -2},
    {.bitmap_index = 8782, .adv_w = 256, .box_w = 14, .box_h = 15, .ofs_x = 1, .ofs_y = -2},
    {.bitmap_index = 8809, .adv_w = 256, .box_w = 14, .box_h = 15, .ofs_x = 1, .ofs_y = -2},
    {.bitmap_index = 8836, .adv_w = 256, .box_w = 14, .box_h = 15, .ofs_x = 1, .ofs_y = -2},
    {.bitmap_index = 8863, .adv_w = 256, .box_w = 14, .box_h = 15, .ofs_x = 1, .ofs_y = -2},
    {.bitmap_index = 8890, .adv_w = 256, .box_w = 13, .box_h = 15, .ofs_x = 1, .ofs_y = -2},
    {.bitmap_index = 8915, .adv_w = 256, .box_w = 15, .box_h = 15, .ofs_x = 1, .ofs_y = -2},
    {.bitmap_index = 8944, .adv_w = 256, .box_w = 14, .box_h = 15, .ofs_x = 1, .ofs_y = -2},
    {.bitmap_index = 8971, .adv_w = 256, .box_w = 14, .box_h = 15, .ofs_x = 1, .ofs_y = -2},
    {.bitmap_index = 8998, .adv_w = 256, .box_w = 14, .box_h = 15, .ofs_x = 1, .ofs_y = -2},
    {.bitmap_index = 9025, .adv_w = 256, .box_w = 14, .box_h = 15, .ofs_x = 1, .ofs_y = -2},
    {.bitmap_index = 9052, .adv_w = 256, .box_w = 14, .box_h = 15, .ofs_x = 1, .ofs_y = -2},
    {.bitmap_index = 9079, .adv_w = 256, .box_w = 14, .box_h = 13, .ofs_x = 1, .ofs_y = -1},
    {.bitmap_index = 9102, .adv_w = 256, .box_w = 14, .box_h = 14, .ofs_x = 1, .ofs_y = -1},
    {.bitmap_index = 9127, .adv_w = 256, .box_w = 14, .box_h = 14, .ofs_x = 1, .ofs_y = -1},
    {.bitmap_index = 9152, .adv_w = 256, .box_w = 13, .box_h = 15, .ofs_x = 2, .ofs_y = -2},
    {.bitmap_index = 9177, .adv_w = 256, .box_w = 13, .box_h = 14, .ofs_x = 1, .ofs_y = -2},
    {.bitmap_index = 9200, .adv_w = 256, .box_w = 14, .box_h = 15, .ofs_x = 1, .ofs_y = -2},
    {.bitmap_index = 9227, .adv_w = 256, .box_w = 14, .box_h = 15, .ofs_x = 1, .ofs_y = -2},
    {.bitmap_index = 9254, .adv_w = 256, .box_w = 15, .box_h = 14, .ofs_x = 1, .ofs_y = -2},
    {.bitmap_index = 9281, .adv_w = 256, .box_w = 14, .box_h = 15, .ofs_x = 1, .ofs_y = -2},
    {.bitmap_index = 9308, .adv_w = 256, .box_w = 14, .box_h = 14, .ofs_x = 1, .ofs_y = -2},
    {.bitmap_index = 9333, .adv_w = 256, .box_w = 15, .box_h = 14, .ofs_x = 1, .ofs_y = -2},
    {.bitmap_index = 9360, .adv_w = 256, .box_w = 15, .box_h = 14, .ofs_x = 1, .ofs_y = -2},
    {.bitmap_index = 9387, .adv_w = 256, .box_w = 14, .box_h = 15, .ofs_x = 1, .ofs_y = -2},
    {.bitmap_index = 9414, .adv_w = 256, .box_w = 15, .box_h = 14, .ofs_x = 1, .ofs_y = -1},
    {.bitmap_index = 9441, .adv_w = 256, .box_w = 14, .box_h = 15, .ofs_x = 1, .ofs_y = -2},
    {.bitmap_index = 9468, .adv_w = 256, .box_w = 14, .box_h = 15, .ofs_x = 1, .ofs_y = -2},
    {.bitmap_index = 9495, .adv_w = 256, .box_w = 14, .box_h = 15, .ofs_x = 1, .ofs_y = -2},
    {.bitmap_index = 9522, .adv_w = 256, .box_w = 14, .box_h = 15, .ofs_x = 1, .ofs_y = -2},
    {.bitmap_index = 9549, .adv_w = 256, .box_w = 14, .box_h = 16, .ofs_x = 1, .ofs_y = -2},
    {.bitmap_index = 9577, .adv_w = 256, .box_w = 14, .box_h = 15, .ofs_x = 1, .ofs_y = -2},
    {.bitmap_index = 9604, .adv_w = 256, .box_w = 15, .box_h = 15, .ofs_x = 1, .ofs_y = -2},
    {.bitmap_index = 9633, .adv_w = 256, .box_w = 14, .box_h = 15, .ofs_x = 1, .ofs_y = -2},
    {.bitmap_index = 9660, .adv_w = 256, .box_w = 14, .box_h = 15, .ofs_x = 1, .ofs_y = -2},
    {.bitmap_index = 9687, .adv_w = 256, .box_w = 15, .box_h = 15, .ofs_x = 1, .ofs_y = -2},
    {.bitmap_index = 9716, .adv_w = 256, .box_w = 1, .box_h = 11, .ofs_x = 4, .ofs_y = 0},
    {.bitmap_index = 9718, .adv_w = 256, .box_w = 3, .box_h = 15, .ofs_x = 11, .ofs_y = -2},
    {.bitmap_index = 9724, .adv_w = 256, .box_w = 3, .box_h = 15, .ofs_x = 2, .ofs_y = -2},
    {.bitmap_index = 9730, .adv_w = 256, .box_w = 2, .box_h = 5, .ofs_x = 2, .ofs_y = -3},
    {.bitmap_index = 9732, .adv_w = 256, .box_w = 2, .box_h = 8, .ofs_x = 3, .ofs_y = 2},
    {.bitmap_index = 9734, .adv_w = 256, .box_w = 2, .box_h = 11, .ofs_x = 3, .ofs_y = -1},
    {.bitmap_index = 9737, .adv_w = 256, .box_w = 7, .box_h = 12, .ofs_x = 1, .ofs_y = 0},
    {.bitmap_index = 9748, .adv_w = 256, .box_w = 12, .box_h = 3, .ofs_x = 2, .ofs_y = 4}
};

/*---------------------
 *  CHARACTER MAPPING
 *--------------------*/

static const uint16_t unicode_list_1[] = {
    0x0, 0x1, 0xe7, 0xfe5, 0xfe6, 0xfee, 0xfef, 0x2de4,
    0x2dee, 0x2def, 0x2df1, 0x2e00, 0x2e0e, 0x2e11, 0x2e2c, 0x2e43,
    0x2e54, 0x2e6a, 0x2e7f, 0x2e9e, 0x2ea5, 0x2eb2, 0x2eba, 0x2ec7,
    0x2ec9, 0x2ed0, 0x2edb, 0x2ee1, 0x2efe, 0x2f33, 0x2f40, 0x2f44,
    0x2fa8, 0x3020, 0x303e, 0x3040, 0x3049, 0x3071, 0x30b3, 0x312d,
    0x3149, 0x314c, 0x3150, 0x315a, 0x315f, 0x3190, 0x3194, 0x31b3,
    0x31de, 0x31df, 0x31ea, 0x31eb, 0x320f, 0x3214, 0x3249, 0x327f,
    0x328c, 0x32ab, 0x32fa, 0x336f, 0x337c, 0x33ac, 0x33b5, 0x33ba,
    0x33d3, 0x33da, 0x33e7, 0x33ec, 0x33f1, 0x33f2, 0x33f5, 0x33fb,
    0x340f, 0x341c, 0x3461, 0x3470, 0x3478, 0x3495, 0x3549, 0x354a,
    0x3566, 0x3580, 0x3581, 0x364c, 0x3677, 0x36d1, 0x36de, 0x36e1,
    0x36ea, 0x36ec, 0x3714, 0x376f, 0x3867, 0x38d7, 0x38f3, 0x38fa,
    0x38fe, 0x390b, 0x390d, 0x390e, 0x3918, 0x3961, 0x3966, 0x39af,
    0x3b34, 0x3b47, 0x3b67, 0x3b70, 0x3b7e, 0x3b82, 0x3b9a, 0x3ba1,
    0x3baa, 0x3bb6, 0x3bf3, 0x3bf5, 0x3c15, 0x3c26, 0x3dd6, 0x3e1c,
    0x3e58, 0x3e5c, 0x3e60, 0x3e8a, 0x3e9b, 0x3ee4, 0x3f1e, 0x3f37,
    0x3f65, 0x3f6c, 0x3f7b, 0x3f92, 0x3fa7, 0x3fc4, 0x3fe5, 0x3ff2,
    0x3ff9, 0x4051, 0x40a9, 0x40ec, 0x40f3, 0x41a6, 0x41f4, 0x422b,
    0x422f, 0x4232, 0x4237, 0x423f, 0x426e, 0x42b1, 0x42f5, 0x4346,
    0x451a, 0x4546, 0x456b, 0x457d, 0x4593, 0x459d, 0x45a1, 0x45c9,
    0x45cd, 0x45d5, 0x45da, 0x4609, 0x4613, 0x4622, 0x463e, 0x467a,
    0x46d8, 0x46e4, 0x46ec, 0x46ed, 0x4701, 0x4703, 0x4749, 0x4780,
    0x480e, 0x481b, 0x481d, 0x4899, 0x48b9, 0x48f1, 0x498c, 0x4b05,
    0x4b46, 0x4b99, 0x4bb8, 0x4bbf, 0x4bf8, 0x4c18, 0x4c26, 0x4c6d,
    0x4c85, 0x4c9d, 0x4c9f, 0x4cdf, 0x4d1f, 0x4d2b, 0x4dab, 0x4daf,
    0x4dd5, 0x4e07, 0x4e0d, 0x4e63, 0x4ec5, 0x5063, 0x5076, 0x509d,
    0x50d1, 0x514b, 0x5152, 0x5183, 0x5215, 0x522b, 0x523f, 0x524d,
    0x525d, 0x529a, 0x5393, 0x54c0, 0x54c7, 0x54fe, 0x5503, 0x550c,
    0x5514, 0x551f, 0x5661, 0x5668, 0x56b4, 0x56bc, 0x56d8, 0x56ef,
    0x5720, 0x5724, 0x5850, 0x5895, 0x5973, 0x59aa, 0x59af, 0x59b1,
    0x59bc, 0x59d4, 0x59f1, 0x5add, 0x5ae3, 0x5b10, 0x5b2d, 0x5b85,
    0x5c57, 0x5c5f, 0x5c61, 0x5cb9, 0x5cdf, 0x5eb3, 0x5eb7, 0x5f3b,
    0x5f6e, 0x5ff4, 0x6089, 0x608e, 0x60e1, 0x60e6, 0x61d7, 0x61f0,
    0x6256, 0x6266, 0x6276, 0x6295, 0x62a1, 0x62bb, 0x62f2, 0x631c,
    0x6336, 0x6353, 0x639b, 0x63c0, 0x6459, 0x6496, 0x649c, 0x652e,
    0x66e6, 0x6700, 0x6705, 0x6824, 0x684c, 0x6963, 0x69a6, 0x6bbe,
    0x6bca, 0x6bd1, 0x6bd8, 0x6c45, 0x6d0c, 0x6d11, 0x6d33, 0x6d69,
    0x6db5, 0x6dc3, 0x6e0e, 0x6e8f, 0x6f50, 0x6fa2, 0x6fab, 0x6fbc,
    0x6fbd, 0x6fe1, 0x6fe5, 0x6fe6, 0x708a, 0x70e1, 0x715c, 0x71b0,
    0x71b5, 0x7563, 0x75d8, 0x7617, 0x761a, 0x7631, 0x76da, 0x7744,
    0x7746, 0x785a, 0x787b, 0x78c3, 0x7955, 0x7956, 0x7960, 0x7969,
    0x797d, 0x7abc, 0x7c65, 0x7e9f, 0x7ea8, 0x7ebc, 0x7f68, 0xdee5,
    0xdeec, 0xdeed, 0xdef0, 0xdefe, 0xdeff, 0xdf03, 0xdf42
};

/*Collect the unicode lists and glyph_id offsets*/
static const lv_font_fmt_txt_cmap_t cmaps[] =
{
    {
        .range_start = 32, .range_length = 96, .glyph_id_start = 1,
        .unicode_list = NULL, .glyph_id_ofs_list = NULL, .list_length = 0, .type = LV_FONT_FMT_TXT_CMAP_FORMAT0_TINY
    },
    {
        .range_start = 8220, .range_length = 57155, .glyph_id_start = 97,
        .unicode_list = unicode_list_1, .glyph_id_ofs_list = NULL, .list_length = 343, .type = LV_FONT_FMT_TXT_CMAP_SPARSE_TINY
    }
};



/*--------------------
 *  ALL CUSTOM DATA
 *--------------------*/

#if LVGL_VERSION_MAJOR == 8
/*Store all the custom data of the font*/
static  lv_font_fmt_txt_glyph_cache_t cache;
#endif

#if LVGL_VERSION_MAJOR >= 8
static const lv_font_fmt_txt_dsc_t font_dsc = {
#else
static lv_font_fmt_txt_dsc_t font_dsc = {
#endif
    .glyph_bitmap = glyph_bitmap,
    .glyph_dsc = glyph_dsc,
    .cmaps = cmaps,
    .kern_dsc = NULL,
    .kern_scale = 0,
    .cmap_num = 2,
    .bpp = 1,
    .kern_classes = 0,
    .bitmap_format = 0,
#if LVGL_VERSION_MAJOR == 8
    .cache = &cache
#endif
};



/*-----------------
 *  PUBLIC FONT
 *----------------*/

/*Initialize a public general font descriptor*/
#if LVGL_VERSION_MAJOR >= 8
const lv_font_t ui_font_Font1 = {
#else
lv_font_t ui_font_Font1 = {
#endif
    .get_glyph_dsc = lv_font_get_glyph_dsc_fmt_txt,    /*Function pointer to get glyph's data*/
    .get_glyph_bitmap = lv_font_get_bitmap_fmt_txt,    /*Function pointer to get glyph's bitmap*/
    .line_height = 18,          /*The maximum line height required by the font*/
    .base_line = 3,             /*Baseline measured from the bottom of the line*/
#if !(LVGL_VERSION_MAJOR == 6 && LVGL_VERSION_MINOR == 0)
    .subpx = LV_FONT_SUBPX_NONE,
#endif
#if LV_VERSION_CHECK(7, 4, 0) || LVGL_VERSION_MAJOR >= 8
    .underline_position = -2,
    .underline_thickness = 1,
#endif
    .dsc = &font_dsc,          /*The custom font data. Will be accessed by `get_glyph_bitmap/dsc` */
#if LV_VERSION_CHECK(8, 2, 0) || LVGL_VERSION_MAJOR >= 9
    .fallback = NULL,
#endif
    .user_data = NULL,
};



#endif /*#if UI_FONT_FONT1*/

